0.9162821,0.2974164,3
-0.47780123,0.6897177,2
0.96905226,0.13287301,3
-0.800644,-0.04074136,4
0.05615751,-0.6060168,4
-0.81504107,-0.5025247,1
0.07264261,0.41358215,3
0.96014947,0.35718054,3
0.24530527,-0.9673024,4
-0.055776842,0.34553495,4
-0.5689149,-0.81771845,1
0.18502557,-0.69590163,2
-0.17124583,-0.0866461,4
0.06717202,0.8903021,3
0.97750497,-0.99059147,4
-0.25139782,0.3701689,2
-0.26951426,-0.1674907,4
0.3816823,0.23093504,1
0.2682849,0.63458264,1
-0.91672796,0.7835583,4
0.1568206,0.20799147,3
0.08887459,-0.65107834,4
-0.043956082,0.4545527,4
-0.44080552,-0.89212686,1
0.95031756,-0.78026104,4
-0.8968732,-0.75593215,4
0.19828491,-0.43111604,2
-0.7605909,-0.38009116,1
0.28949776,0.57478756,1
0.739866,-0.10029071,4
0.9470235,-0.35880354,4
-0.9196162,0.77052826,4
0.9297066,-0.5957862,4
-0.9285488,-0.29004037,4
-0.43528894,-0.6662323,1
-0.8516899,-0.3885178,1
-0.31957436,-0.70014983,1
-0.22854096,-0.49819317,1
-0.28823608,-0.42668787,1
-0.078542,0.5709851,4
0.31434762,0.998582,3
-0.23231429,-0.21512881,1
-0.048988078,0.40574998,4
0.24890257,-0.5391418,2
0.6035264,-0.27795875,2
-0.47582284,0.36163664,2
-0.985622,0.69777775,4
0.035935894,0.09805234,3
0.6779145,0.67950684,1
0.27259994,-0.06903176,4
-0.822898,0.4430529,2
0.22647516,-0.57663685,2
0.4016011,0.7418268,1
-0.9867347,-0.18227161,4
-0.31517914,-0.06919454,4
-0.84721905,-0.49984857,1
-0.037937514,0.7941726,4
0.60611963,0.4613042,1
0.67881745,0.5346889,1
0.8227974,-0.7241194,2
0.36773795,-0.22456063,2
0.7720124,-0.20414183,4
0.5647515,0.3796824,1
-0.784573,-0.510716,1
-0.9507568,-0.087896116,4
0.32455572,-0.8448844,2
0.27018383,0.64485794,1
-0.845948,0.60597485,2
0.25953382,-0.8456467,4
-0.5471135,0.8345001,2
0.33620727,0.7598236,1
0.82861644,0.16531117,3
0.46833205,-0.6777033,2
-0.6243546,-0.05656976,4
-0.71150315,-0.74734324,1
-0.46342087,0.42132735,2
-0.5538722,0.9700722,4
-0.8135172,-0.3194095,1
0.23309062,-0.4928619,2
0.7130517,-0.3394535,2
0.23306823,0.47566226,1
0.21140674,-0.33501267,2
-0.87778455,0.187101,4
0.8204338,-0.92051524,4
-0.3119528,-0.63577086,1
0.6982836,-0.54439527,2
0.63546836,0.5857068,1
-0.8321422,-0.39533967,1
-0.18669279,0.37278357,2
0.15880473,-0.107529506,4
0.121667415,-0.34254038,4
0.23075542,-0.4620797,2
0.54986674,-0.7360009,2
-0.81676865,-0.60805386,1
0.5466836,-0.009226771,4
0.540859,0.40989715,1
-0.7609145,-0.10301593,4
-0.9517696,0.82905316,4
-0.10743279,0.47890174,2
0.71694994,0.9244073,3
0.44567925,0.5628243,1
-0.061886396,-0.8603522,4
0.95328,-0.052952826,4
-0.29333332,-0.62339467,1
0.3374982,0.092708945,3
-0.9002076,0.2752566,4
-0.027653238,0.49345645,4
0.8096845,-0.57229507,2
0.31737962,0.74645156,1
0.75176114,0.64338654,1
-0.9322616,-0.19768006,4
-0.44741958,0.6190797,2
-0.897611,-0.6107807,4
0.06742106,0.6661202,3
-0.110701494,0.18628442,4
-0.014305507,-0.49144295,4
0.9457608,0.9642826,3
0.053057868,0.58981,3
0.45402667,0.6163927,1
0.4723013,-0.188284,2
0.19685243,0.76959807,3
0.6407847,-0.8213158,2
-0.39546913,0.49726257,2
0.5404031,0.43100318,1
0.8944228,0.5460364,1
-0.18323629,0.42517525,2
0.035960898,0.4453173,3
0.86745787,0.7554782,3
0.58854914,-0.11493086,2
-0.8949814,-0.09021447,4
-0.66326374,-0.17211907,1
0.96835387,-0.8859982,4
0.08649361,0.9637247,3
0.22715001,0.94330084,3
0.9883801,-0.67905045,4
-0.34305558,0.76467854,2
-0.6821671,-0.8853713,4
0.25826696,-0.8758345,4
-0.23022798,-0.75654763,1
-0.14854535,0.3033669,4
0.01416289,0.23893899,3
-0.90055305,0.44383082,4
0.51113284,0.92581457,3
-0.20592795,-0.12593044,4
0.3986909,0.5699889,1
-0.4129637,0.57289004,2
-0.3569471,0.8706342,2
-0.7449647,-0.9359842,4
-0.41897163,0.79545116,2
-0.9408958,-0.53918856,4
-0.5141232,-0.036714412,4
-0.20846832,0.86624897,4
-0.14750399,-0.9541655,4
-0.30063766,-0.11791701,4
-0.2752428,0.49026287,2
0.6317171,0.5925309,1
-0.42274562,-0.24287401,1
-0.5211367,-0.9384197,4
-0.9843098,0.22307412,4
0.25417036,-0.8806231,4
-0.12542814,-0.084608614,4
0.01578897,-0.9880289,4
0.16784444,-0.6744991,2
0.23309489,0.35003266,1
0.78754306,0.6911459,1
0.17364316,-0.284032,2
0.84749657,0.3420335,1
0.41957945,-0.7247941,2
-0.86643,0.97130805,4
0.7181595,-0.2137577,2
0.2488861,0.025296412,3
-0.9707684,-0.48463407,4
0.73191816,-0.20345107,2
-0.14676222,-0.26418784,4
0.67730117,0.26027465,1
-0.2935047,-0.27257717,1
0.2036603,-0.7881504,4
-0.04377887,-0.50828415,4
-0.51029134,-0.15684503,1
0.13596566,0.75859857,3
0.039320923,-0.46192124,4
0.3328264,0.28478447,1
-0.66175944,-0.6274061,1
-0.72898686,-0.06969607,4
-0.8704671,-0.42759615,1
-0.68795913,-0.45167467,1
-0.8381508,0.011224188,4
0.7500302,-0.6651679,2
-0.5459807,0.72534716,2
-0.4987036,-0.04147063,4
0.8714442,-0.6247858,2
0.5706124,-0.4723178,2
0.12421345,0.60230035,1
0.5222351,0.24941416,1
-0.8261767,0.3096906,2
-0.40801424,0.49832562,2
0.47482854,0.03730921,3
0.047378287,-0.0648839,4
0.4797092,0.8078382,1
-0.06400467,0.30222675,4
0.39969048,0.086941615,3
0.45801076,0.57234335,1
-0.6587941,-0.16851088,1
0.8569642,0.23693159,3
0.62714547,-0.007949133,4
0.94359386,0.6958026,3
-0.63601357,0.2910137,2
0.15073809,-0.05496442,4
0.13035548,-0.38475296,2
-0.6369807,0.059411958,4
0.03952412,0.9423252,3
-0.32677352,0.32684457,2
0.36779416,0.3618891,1
0.68801606,-0.68388766,2
-0.5573194,-0.5411879,1
0.03875376,0.64554006,3
0.54925495,-0.9075907,4
-0.65097654,-0.23090988,1
-0.7600372,-0.563991,1
0.06853196,0.7076621,3
0.6226849,0.033784334,3
-0.69615793,0.32722333,2
0.95376146,0.58681935,3
-0.9404315,-0.49827775,4
-0.82284427,0.19796304,4
0.14937603,-0.7024358,4
0.9278829,-0.1148973,4
0.4443206,0.17775832,1
-0.04271456,0.31506586,4
0.096778244,-0.85233,4
-0.06031151,-0.08456137,4
-0.0885903,-0.24935517,4
-0.8155776,-0.21083365,4
-0.8696885,0.8705951,4
-0.095848314,-0.8131203,4
-0.44229248,0.40996996,2
0.37990454,0.68446904,1
0.17023806,-0.91464293,4
0.6151476,-0.33149347,2
0.142107,-0.18070678,4
-0.11429314,0.24969453,4
0.5600499,-0.4943118,2
-0.030714065,-0.6954033,4
0.011290181,0.28759483,3
0.77778816,-0.011514257,4
0.6983524,0.9098864,3
-0.3823996,-0.232779,1
-0.23219433,-0.8042695,4
-0.6325487,-0.2163534,1
-0.8642864,0.24457662,4
0.49040756,0.20407826,1
0.25076818,-0.43929696,2
0.9860282,0.083026715,3
-0.043207884,-0.0048037916,4
-0.85935384,0.23938236,4
-0.10050748,0.12056454,4
0.24820273,-0.3451361,2
0.76805586,-0.5439836,2
0.3510116,-0.014386503,4
0.07037501,0.8227603,3
-0.51071626,0.92039686,4
0.111403525,0.032512505,3
-0.049804118,-0.6760539,4
-0.62266594,0.09872794,4
-0.42825937,-0.6284384,1
-0.37599722,-0.7911053,1
0.28354692,-0.7888341,2
0.6261231,0.8075641,1
-0.24368538,0.08158261,4
0.764656,0.31361347,1
-0.71654063,0.2708891,2
0.41282773,0.23157027,1
-0.16698311,0.81627256,4
0.42700717,-0.28435004,2
0.58480906,0.4268952,1
-0.043139458,0.0064921794,4
0.20732775,-0.24614775,2
0.2599022,-0.41559398,2
0.6307444,-0.16361262,2
0.23876487,0.36926278,1
0.13690801,0.32110366,3
-0.9847852,0.8460047,4
-0.78585404,-0.1190085,4
-0.9868589,-0.39393628,4
0.8141357,0.15366845,3
-0.25654906,-0.5311851,1
0.40006852,-0.5266928,2
-0.23299296,0.083515815,4
0.4897804,-0.31169543,2
0.15744384,-0.28898862,4
-0.725524,0.4368229,2
-0.806094,0.7458126,2
-0.6668721,0.39491323,2
0.9844524,0.4629845,3
0.46458358,0.21700802,1
0.25407398,0.46060833,1
0.22386755,-0.843851,4
-0.37302408,-0.6825901,1
0.8761185,0.6813943,3
0.39097893,-0.90352637,4
0.17105451,-0.19757432,4
0.95259595,-0.5002071,4
-0.40718773,0.26645842,2
0.9745448,-0.2852693,4
-0.44553992,-0.6898709,1
-0.46683955,-0.7077019,1
0.3834369,-0.7708802,2
0.5413728,-0.24151888,2
0.8836222,0.67085207,3
0.15362012,0.08367849,3
0.76169753,0.26066417,1
0.90227133,-0.37836117,4
-0.7300917,0.939461,4
-0.08916889,-0.32188514,4
0.04429413,-0.7790929,4
-0.31259057,-0.51922023,1
-0.6930965,-0.5311915,1
-0.27736425,-0.0042206147,4
-0.6475355,-0.749591,1
-0.60059637,-0.22737797,1
-0.4455632,-0.1610958,1
-0.43246546,0.79793525,2
-0.99767894,0.018554375,4
-0.4553479,-0.8000518,1
0.32155716,-0.51164424,2
0.27526096,-0.43061525,2
-0.7707054,0.3653079,2
0.91322887,0.64878243,3
0.9437722,-0.44410712,4
-0.8114277,0.1910787,4
0.6919965,-0.9055402,4
-0.42235047,-0.10036482,4
-0.75013745,-0.060212903,4
-0.483431,-0.46430084,1
-0.29918733,-0.82382727,1
0.68082196,0.5156275,1
0.41358316,-0.9170205,4
-0.3001455,-0.38097098,1
-0.38345906,-0.8833566,4
0.5834936,0.790308,1
0.8855655,0.49172845,1
-0.39215147,-0.56008077,1
0.36438584,-0.24730952,2
0.44150892,-0.86202544,2
-0.39926758,0.4955913,2
0.88856643,-0.8583321,4
0.5086214,-0.77091813,2
0.78318846,0.80931354,3
-0.84346277,0.25655076,4
-0.7088236,-0.3723773,1
0.8332358,-0.5835859,2
-0.8428572,-0.68483156,1
0.15734206,-0.4649006,2
-0.7183523,-0.73618037,1
0.87387,-0.4726448,2
-0.5791668,0.44125178,2
0.4202451,0.22109517,1
-0.22819735,-0.19852978,4
0.34636283,-0.8109346,2
-0.25980788,-0.7633891,1
-0.762329,0.13719946,4
0.28208354,0.15210971,3
-0.082785435,-0.27039385,4
0.87061584,0.8586619,3
-0.60796326,0.122710764,2
-0.6416513,-0.8517806,1
0.2612827,0.9361513,3
0.7896415,0.6576031,1
0.11780466,-0.094393626,4
-0.43699107,0.92213464,4
0.85202116,-0.9571875,4
0.2516212,-0.6169792,2
0.7062361,0.77060455,1
-0.13918266,-0.9639484,4
0.42957607,0.20589156,1
0.3347055,-0.1044996,4
0.9481576,-0.4689401,4
0.71962506,-0.0040548034,4
-0.4079497,0.22437139,2
-0.44955018,0.26605412,2
-0.88994783,0.81250393,4
-0.25358468,-0.7177892,1
0.45525005,-0.23654026,2
0.586354,0.64617956,1
0.63878846,-0.84435606,2
0.17892821,-0.47015822,2
0.82622457,0.8389961,3
-0.7483494,-0.20864025,1
-0.7097,0.94663215,4
-0.9468111,0.9909557,4
0.8359129,0.8205363,3
0.696651,-0.37918136,2
0.87752724,0.6824178,3
0.36725155,0.9124822,3
0.47620937,0.71092576,1
0.47596514,0.69634384,1
0.33293462,0.5789954,1
-0.9385284,0.9618236,4
0.9867605,0.9601746,3
0.52590495,0.0029891378,3
-0.71908456,-0.9696401,4
0.13561891,0.33330232,3
-0.4631941,0.5714473,2
0.6263851,0.9144695,3
-0.18460295,-0.07401659,4
-0.2768558,0.6682069,2
-0.85262424,-0.24302128,4
0.41763294,-0.2739392,2
0.67795837,-0.66537577,2
-0.5570887,-0.5787513,1
0.29915696,0.90172976,3
-0.45797855,-0.3621825,1
0.53177315,0.5622818,1
-0.15129223,0.8062427,4
-0.8286593,-0.9074055,4
-0.018664254,-0.4290808,4
-0.4733098,-0.90789074,4
-0.70315385,-0.04617581,4
-0.043235406,-0.02902844,4
-0.8402128,-0.30003968,1
0.85076475,-0.5859029,2
-0.9478313,0.41401413,4
-0.8013397,-0.8334874,4
0.8830868,0.08399488,3
0.46355134,0.2523391,1
-0.047231708,-0.36355424,4
0.5943211,0.06985958,3
-0.31610876,-0.72085226,1
-0.2935268,-0.8023055,1
0.45373663,-0.43893537,2
-0.7890003,-0.7978158,4
0.6439327,0.31560645,1
-0.014421746,0.25365755,4
0.37025458,-0.047885016,4
0.5593517,0.9393414,3
-0.73685366,-0.07819458,4
-0.7780041,0.30324796,2
-0.8596654,0.6082246,2
0.46973345,-0.1515505,2
0.4461069,-0.6213853,2
0.2654062,-0.9952657,4
-0.07247001,-0.9185992,4
0.21667051,-0.6052902,2
0.17608799,-0.11365378,4
-0.034165498,-0.8759973,4
-0.6160782,-0.9622496,4
-0.16319303,0.27627808,4
-0.05294472,-0.1726098,4
0.09908376,0.81138384,3
-0.6063032,0.8927351,4
-0.9143517,0.14499964,4
0.5239071,-0.19270653,2
-0.15888336,-0.16924964,4
-0.3823711,0.8537764,2
-0.021588566,0.9708222,4
0.10127479,-0.14290689,4
-0.013299154,0.24869692,4
0.15877602,-0.9969794,4
-0.63970685,0.8076972,2
0.4311944,-0.3202829,2
-0.39237076,0.5916165,2
0.1697057,-0.44692132,2
0.45147017,-0.7812171,2
0.98996407,-0.67673475,4
0.34582806,0.9784841,3
0.7215613,0.90855104,3
0.81214345,0.11876232,3
-0.24550259,0.1639821,4
0.036664832,-0.762839,4
0.75528157,-0.33384803,2
0.6729382,0.29108754,1
-0.3415129,0.5817351,2
-0.14223057,0.5120324,2
-0.5647142,-0.8137556,1
0.075973704,0.337963,3
0.29869035,-0.78919023,2
-0.3013198,-0.6292098,1
0.7259379,-0.13140108,4
-0.22808614,-0.6791188,1
0.96164894,-0.851165,4
0.9466275,-0.08182611,4
0.5111007,0.7651883,1
-0.6816877,0.84952205,2
-0.45884377,-0.9933491,4
0.38376775,-0.07551772,4
-0.9229062,0.6628313,4
0.32456332,0.8768295,3
0.41678405,-0.81806904,2
-0.6088197,-0.5233326,1
0.2793671,-0.73150265,2
-0.7112277,-0.041923158,4
0.8637813,0.2393722,3
-0.84506106,-0.8401751,4
-0.7867968,-0.3699154,1
0.97185725,-0.7682656,4
0.06465728,0.78026485,3
-0.93042827,-0.7231081,4
0.7087597,-0.5745155,2
-0.24580564,-0.120048955,4
-0.7072377,0.6842546,2
0.034220614,0.11436523,3
-0.5292342,-0.74725544,1
0.9201202,0.32646257,3
0.33817717,0.10610936,3
0.83681387,-0.23814677,4
-0.8168162,0.5541431,2
0.31560236,-0.07026069,4
-0.253774,-0.8896958,4
0.32156375,0.49327245,1
0.3991495,0.30698627,1
-0.6756077,0.4291858,2
0.938922,-0.6737649,4
0.53510183,-0.7824972,2
-0.46349645,0.113942765,2
0.6079715,0.90220416,3
0.7896616,-0.49312392,2
0.5465645,0.0063129216,3
-0.20077454,-0.1742742,4
0.554604,0.48993462,1
-0.27852222,-0.6263095,1
-0.8630587,-0.79263115,4
-0.6549158,0.32893723,2
0.8828087,-0.3505146,4
0.89916503,0.6306101,3
-0.94700193,0.15013786,4
0.5198163,0.6318846,1
0.34456223,-0.8095362,2
0.5855896,0.52989405,1
0.02108838,0.9525005,3
0.47814563,0.88118464,1
-0.026453996,0.8536222,4
0.23249622,-0.12732035,4
0.2161646,-0.5641167,2
0.0119558945,-0.5580343,4
-0.17624985,-0.31056955,1
-0.62387526,-0.17296089,1
0.38130212,-0.34327605,2
-0.09407087,0.67448056,4
-0.3562542,0.99438745,4
0.90794873,0.44635245,3
-0.70695174,-0.93791723,4
0.64096254,0.53994346,1
0.431939,-0.9371151,4
0.79084855,0.27081126,1
-0.23209056,-0.22278869,1
-0.23432384,-0.33159673,1
0.318119,-0.48756513,2
0.79103184,0.8948642,3
0.90528816,0.03289237,3
-0.24367614,0.021464804,4
0.7166122,-0.5599258,2
-0.703987,0.88341784,4
0.7621826,0.24036214,1
-0.31457993,-0.21732813,1
-0.80364424,0.16775838,4
-0.21103476,-0.08039538,4
0.15496205,0.7216284,3
0.5193949,-0.39163652,2
0.013202164,-0.16544285,4
-0.9502428,0.5669306,4
0.78352904,0.60299695,1
0.36558998,-0.12818347,2
-0.25023177,-0.4065359,1
-0.34701386,-0.471384,1
-0.62681735,-0.12038248,4
0.4889079,-0.9665132,4
0.008139889,-0.3293668,4
-0.16667873,0.78694016,4
0.029493872,-0.84113604,4
-0.5815728,-0.22983862,1
-0.39925346,0.044854756,4
0.28846887,-0.49459577,2
-0.49849364,0.09035907,4
0.96429574,-0.004165399,4
-0.81528354,-0.9949172,4
-0.009928119,0.0765235,4
0.5485749,-0.009542313,4
0.46521467,0.40712005,1
-0.2149736,-0.65617317,1
-0.42714304,0.19806226,2
-0.8938458,0.66900045,4
0.086826414,0.68601125,3
-0.84824246,0.44422066,2
-0.6276594,-0.6394764,1
-0.55415,-0.03384968,4
0.49131775,0.9928036,3
0.39677012,-0.9814201,4
-0.31859207,0.6287062,2
0.025045762,-0.9928753,4
0.6985515,-0.118010506,4
-0.14488992,-0.24373825,4
-0.70392483,-0.8998582,4
-0.77858305,0.6826356,2
0.4590389,0.27394053,1
-0.38354078,-0.36136138,1
0.92075026,0.923224,3
0.6476453,-0.63714963,2
-0.040934216,-0.38481274,4
0.6719419,0.17899904,1
0.5033023,-0.74215734,2
0.24164605,0.3526852,1
0.17828378,0.86011046,3
-0.8783995,0.34518716,4
0.07025313,0.061335955,3
-0.17237967,0.096244395,4
-0.27991948,-0.5931433,1
0.387853,-0.57720536,2
0.13240395,-0.91742885,4
0.343245,0.6382175,1
0.43504032,-0.37971124,2
0.8802436,-0.4232837,2
0.23120844,-0.05303094,4
0.42831302,0.35004705,1
0.65780836,-0.92521393,4
-0.94319963,0.36888286,4
0.69620574,-0.28471762,2
0.5701363,-0.57132095,2
-0.62232953,-0.85029507,1
0.3273119,-0.010017191,4
-0.8161745,0.79894227,4
-0.4989762,-0.8242905,1
-0.8368386,-0.8896864,4
0.7438347,0.46298593,1
0.06787755,0.61478406,3
0.043147318,0.5647383,3
0.16101387,-0.69298726,2
0.9237455,0.57628137,3
-0.7479617,0.8619656,4
0.096107475,0.10474404,3
-0.010239014,-0.3743455,4
0.15064937,0.8042422,3
-0.5253529,0.803891,2
0.96251243,-0.49270812,4
0.84830445,-0.17822666,4
-0.90154314,0.97302926,4
-0.32387528,-0.5620492,1
-0.29311812,0.16538656,2
-0.34023902,0.8715398,4
0.12394275,-0.07055302,4
0.4993258,-0.06410716,4
0.74318844,-0.04821628,4
-0.42910036,0.9722507,4
0.5730986,0.9706631,3
0.4931392,0.23763502,1
0.3463494,0.3445717,1
-0.3725174,0.3251681,2
-0.95340794,-0.7073944,4
0.089647114,0.18133332,3
0.28298151,0.38783625,1
-0.054178417,-0.6664808,4
-0.93035555,0.2148484,4
0.92515695,0.052516866,3
-0.7432698,0.49522057,2
0.20086251,-0.65153015,2
-0.8883594,-0.56020075,1
0.57541734,-0.06489698,4
-0.6365126,-0.39580595,1
-0.24888864,-0.40411556,1
0.4007819,-0.8959985,4
-0.7246687,-0.2528951,1
-0.7481912,-0.31115943,1
0.22071283,0.416684,1
0.47909665,-0.12063686,2
-0.30652082,0.34384376,2
0.18384406,0.13898058,3
-0.14100471,-0.5463841,1
0.9431182,-0.1178757,4
-0.6682367,0.5714787,2
-0.3079075,-0.9865618,4
-0.5022061,-0.08275308,4
0.3155457,-0.35262266,2
-0.37951252,-0.34633374,1
0.02729605,0.6752667,3
0.4268642,0.56399244,1
-0.50680196,0.92695075,4
0.2791837,0.79416245,1
-0.90721726,-0.18325591,4
-0.9923003,-0.48100564,4
-0.28342545,-0.43153018,1
0.013497654,0.3781796,3
0.060572505,0.3819522,3
-0.6539353,0.5766601,2
-0.49366555,-0.7665933,1
-0.88155234,-0.34468925,4
0.36455864,0.39475065,1
-0.15644446,-0.8883246,4
-0.48799196,-0.7880677,1
0.058366567,0.28683364,3
-0.73392326,0.19995953,2
-0.051496852,-0.7666972,4
0.7182515,0.0923819,3
0.5938421,-0.3597926,2
-0.31282648,0.12556201,4
-0.073471785,0.3157792,4
-0.046041463,-0.45685157,4
0.5259658,0.21357387,1
0.5068889,0.07374034,3
0.97106254,-0.4623753,4
-0.8504597,0.96481407,4
-0.37179506,0.07307642,4
0.015863014,0.04855696,3
-0.5258512,-0.43732578,1
-0.7123123,0.27033448,2
0.83620787,-0.31419137,2
-0.2754192,-0.8719059,4
-0.22216907,0.9956463,4
0.49292672,0.55108637,1
-0.7341424,-0.96879464,4
0.22056691,0.88886356,3
0.22644798,-0.2549402,2
0.20528075,0.8865927,3
0.12988412,-0.62631124,2
-0.7301566,-0.20970042,1
-0.15985647,-0.07368808,4
-0.11664808,0.055736538,4
-0.8766507,0.5793815,2
0.85796237,-0.47285286,2
-0.5700962,-0.5622698,1
-0.8178666,0.40727693,2
-0.651684,-0.6402998,1
0.36592665,0.8575586,1
-0.5255637,-0.15758991,1
-0.9491341,-0.35252103,4
-0.6519855,0.3246406,2
-0.4236897,0.9147103,4
-0.42079824,0.6886515,2
-0.30374908,0.80267066,2
-0.67918175,0.2285685,2
-0.29510793,0.5097526,2
0.83791244,0.90180665,3
-0.14366755,-0.88546085,4
-0.9156578,0.29132736,4
-0.846886,0.43390527,2
0.91680783,0.38035077,3
0.3303603,-0.87402177,4
-0.14002518,-0.022523832,4
-0.8233223,0.2675111,2
0.18202189,-0.57101,2
-0.79005235,-0.2846992,1
0.4481583,0.11646949,1
-0.8344095,-0.29614055,1
-0.30964658,0.16161732,2
0.7568344,-0.6633725,2
0.86472726,-0.25340742,4
-0.2690247,0.8955935,4
0.36375213,0.5069293,1
0.37257022,0.22426505,1
-0.99137974,-0.43453643,4
0.2939541,0.8315126,1
-0.8321667,-0.050482627,4
0.6054286,0.818886,1
0.43127558,-0.6300839,2
0.37192068,-0.74841744,2
0.6147328,0.63924444,1
-0.3601353,0.1733227,2
-0.22197595,-0.6319265,1
0.25751245,0.10796708,3
0.41061592,0.0017204372,3
0.21383035,0.5957888,1
0.9717917,-0.25357106,4
-0.7144043,-0.920109,4
0.5681517,-0.5173108,2
-0.590743,-0.71166146,1
-0.29057607,-0.62525827,1
0.3835756,0.15015055,1
-0.19573405,0.5591386,2
0.261021,0.23837954,1
0.3409451,-0.96843547,4
0.10034371,0.75108016,3
-0.4565157,-0.35005316,1
0.6297023,0.12104836,3
-0.29793555,-0.9667876,4
-0.1908233,-0.51220906,1
0.34717965,0.058877937,3
-0.71655005,0.4702636,2
0.97024167,-0.35101295,4
0.27989647,0.9464915,3
0.089034684,-0.41726243,4
-0.365734,0.87626827,2
-0.88537484,-0.81453204,4
0.31560627,0.5957042,1
-0.30296722,0.91750306,4
0.074021496,0.4674735,3
0.010174016,-0.87731594,4
0.64931446,-0.7118098,2
0.7822901,0.4952393,1
0.3555162,-0.565583,2
-0.21372226,0.18497719,4
0.79575795,-0.62860596,2
-0.024959404,-0.11538656,4
-0.036105715,0.85364765,4
-0.5198148,-0.27062902,1
-0.94626087,0.9142219,4
-0.71191293,0.38782048,2
0.92372984,-0.43064988,4
0.5655557,-0.66574347,2
0.3542873,-0.942035,4
0.32803065,-0.03326722,4
-0.012906972,-0.6094794,4
-0.5735554,-0.028791472,4
-0.8500419,-8.188095E-4,4
0.6745906,0.13108547,3
-0.35208943,0.3615071,2
-0.6529638,0.6427434,2
-0.9594169,-0.3876528,4
-0.75167185,0.9215106,4
-0.07206726,0.36372647,4
-0.912564,0.8688325,4
-0.6692179,-0.77990675,1
-0.012914476,0.6202324,4
-0.6203809,-0.19362932,1
-0.38416487,-0.09501745,4
-0.7854492,-0.4811659,1
-0.34854627,-0.67776376,1
0.2512558,0.66391474,1
-0.93264097,0.07469607,4
0.7822356,0.16760741,3
0.07958074,-2.7630347E-4,4
-0.7403833,-0.38176095,1
0.4999139,0.09912424,3
0.54520917,-0.9520673,4
-0.28836644,-0.80733407,1
-0.084519,-0.4368216,4
-0.48265806,0.8067244,2
-0.3264414,-0.29749638,1
-0.29577452,-0.041731097,4
0.84732014,0.22931015,3
-0.66980076,0.10573546,4
-0.35790154,-0.03947434,4
0.4551222,0.21216151,1
-0.9315345,-0.8132055,4
-0.67553216,0.6022823,2
0.48002192,-0.74248856,2
0.85853845,0.09412019,3
-0.3669296,0.9840787,4
-0.29148483,-0.25307646,1
-0.6804981,0.6573471,2
-0.8886621,0.49114224,2
-0.373821,0.6802778,2
-0.6913871,0.8924535,4
-0.56144536,0.08444114,4
0.39044923,-0.6493199,2
0.93321306,0.5290455,3
0.08332783,0.14577192,3
0.4934792,-0.22623049,2
-0.77818984,0.9168492,4
0.734191,-0.928254,4
0.4270974,0.3966334,1
-0.8638161,-0.55337226,1
0.86115247,-0.4775779,2
-0.8320091,0.39773995,2
-0.1666976,0.40608907,2
-0.28828683,-0.7800956,1
0.50694025,0.06942147,3
0.111969486,-0.17040178,4
-0.012851018,-0.6625664,4
-0.7687126,0.7566872,2
-0.3342259,-0.16887647,1
-0.47774974,0.7910537,2
-0.14132704,-0.38753092,1
-0.6838322,-0.33398536,1
-0.50942636,0.7082858,2
0.27999315,0.11550584,3
0.8661786,-0.5241008,2
0.30765855,0.65958554,1
-0.58814937,-0.42758924,1
0.9889583,-0.44711155,4
0.6804244,-0.8493344,2
-0.7614401,-0.5267605,1
-0.117614314,0.82885796,4
0.6696757,-0.2672846,2
0.73986876,0.9670388,3
-0.13861659,0.061019737,4
0.55562055,-0.1673826,2
-0.20446572,-0.6588853,1
-0.95271283,0.3482775,4
-0.5713574,0.06963224,4
-0.28192103,0.28955686,2
0.6161024,0.76966465,1
0.3180746,-0.9643335,4
-0.5794689,0.10111203,4
-0.70387185,-0.7240454,1
0.21299203,-0.006155731,4
0.05054444,0.4357479,3
-0.08469849,0.7715106,4
0.25739372,0.00913152,3
0.23357968,0.9389105,3
-0.41146278,-0.52744323,1
-0.20234384,0.07341602,4
-0.27285972,-0.99800617,4
-0.25210398,-0.9089855,4
-0.25334844,-0.17232543,4
-0.4995363,0.050118804,4
-0.3600694,0.73429984,2
0.17399691,-0.3886301,2
-0.9315906,-0.0490881,4
-0.5248867,0.28923553,2
-0.7531247,-0.52653754,1
-0.28287104,-0.2887147,1
-0.71233165,-0.27556592,1
0.08581855,0.2436031,3
0.29878598,0.3777006,1
-0.73199946,-0.45412686,1
-0.93640596,0.16314153,4
-0.8768151,0.887256,4
0.22554442,0.51435167,1
0.20547274,0.38424855,1
-0.44049627,-0.9658826,4
-0.3676485,0.71429914,2
-0.8680004,0.9261575,4
-0.9510189,-0.6859707,4
-0.06410468,-0.22204484,4
-0.74897885,-0.41151154,1
0.93070596,-0.62166333,4
0.4060014,0.23795024,1
-0.67202723,-0.38522136,1
0.75269043,0.45133227,1
-0.56818515,-0.080744475,4
0.15987231,-0.5795953,2
0.37798163,-0.78223324,2
-0.009607724,-0.6034744,4
0.71043164,-0.11249015,4
-0.65671355,0.3417247,2
-0.10733373,0.83699596,4
-0.06373585,-0.88147014,4
-0.42824855,-0.50176924,1
-0.3572368,-0.8819865,4
0.69616175,0.25641224,1
0.012253548,-0.7568892,4
0.43428558,-0.35857388,2
-0.020584632,0.24434176,4
-0.751367,0.46674538,2
0.4072738,-0.45235345,2
-0.548509,0.025171312,4
0.111322224,0.9191211,3
0.10097321,-0.56282103,4
-0.4238773,0.57901937,2
-0.8078839,0.2964606,2
-0.29717824,0.70746624,2
0.75587445,0.8685865,3
-0.38452378,0.676902,2
-0.30042568,-0.7274679,1
-0.19396597,-0.19864036,4
-0.994417,-0.68885165,4
0.71226996,0.9102527,3
0.25065923,-0.08452064,4
0.19992869,-0.36557025,2
-0.6833485,-0.470839,1
0.35978055,-0.06516937,4
0.6339121,0.18296108,1
0.53224885,0.109156385,1
-0.66799897,0.49585044,2
-0.46327966,-0.7204559,1
-0.73204416,0.3878222,2
-0.29039595,0.19431524,2
0.06060471,0.9010041,3
0.5446566,0.06944454,3
-0.019892773,0.19943859,4
0.48104447,-0.8495257,2
-0.17489374,-0.4457687,1
-0.3009312,0.6931781,2
-0.23442008,0.9195979,4
0.66042894,0.14135413,1
0.53768575,0.5666676,1
0.5693561,-0.5772916,2
0.3475905,-0.83427095,2
0.9329002,0.48886546,3
-0.62551546,-0.30606735,1
-0.036892615,0.4931216,4
0.8586808,0.59429246,1
-0.30922213,-0.6703645,1
-0.5810974,0.7231564,2
-0.65005344,0.6503273,2
-0.53643197,0.7971449,2
-0.155816,-0.069163434,4
-0.6559199,-0.71311563,1
0.9202655,-0.32553238,4
0.2438365,-0.9963108,4
-0.9482881,0.42312834,4
0.70487636,-0.013323545,4
-0.025842702,0.8868465,4
0.16478166,0.72162366,3
-0.6835483,-0.7914726,1
-0.090341665,-0.7907909,4
-0.16413796,0.14819199,4
-0.5552792,-0.050898165,4
0.39268458,-0.19898424,2
0.44221094,0.5176963,1
-0.0109618995,0.35606426,4
-0.8529183,0.09111658,4
-0.05144121,0.35770127,4
-0.59591776,0.0014395914,4
0.6281706,0.94922173,3
0.31558195,-0.7870802,2
-0.06994059,-0.34165785,4
0.94767535,-0.5336794,4
-0.6785694,0.42675698,2
-0.5271879,-0.23670927,1
-0.92841536,-0.2089515,4
-0.32959965,-0.15095145,1
-0.01970328,0.38981676,4
-0.19746593,-0.59953386,1
-0.0015590687,0.3019727,4
-0.459802,-0.2620245,1
0.83125186,0.11371656,3
-0.1639917,0.05354305,4
-0.13343039,-0.933198,4
0.422748,0.38329077,1
0.5848679,-0.8417363,2
-0.03733858,0.85216826,4
-0.015182494,-0.3581349,4
0.7806742,-0.92059183,4
0.49759045,0.024100743,3
-0.41459247,-0.94267327,4
0.365064,-0.64733446,2
-0.38493982,-0.69764185,1
0.5215361,-0.637118,2
0.2409348,-0.3739597,2
-0.354483,0.8776543,4
-0.7804144,0.48499706,2
0.23761532,0.74909556,1
0.50527126,0.54279083,1
-0.6675098,0.5850544,2
0.8175981,0.8128467,3
-0.23270738,0.5213431,2
-0.99505955,-0.44952112,4
-0.19402526,-0.6194506,1
-0.3475679,0.9233758,4
0.358297,0.70089054,1
0.35402098,0.41373152,1
0.034316726,0.32364872,3
0.6012869,0.89153665,3
0.83959544,-0.5046985,2
-0.6625783,-0.6526291,1
-0.5566858,-0.22945718,1
-0.11702298,-0.6156309,4
0.640941,0.39496613,1
-0.8393146,0.7428566,4
0.88504523,-0.6987409,4
0.929867,0.3674843,3
0.5723094,-0.6296614,2
0.086632974,-0.17448586,4
0.15174007,0.18893288,3
0.9943037,-0.7537588,4
-0.9414655,0.17769405,4
-0.72083884,0.3753619,2
-0.019990208,0.6690049,4
-0.4401426,0.8244273,2
0.024458367,0.2812195,3
-0.82549393,0.14434972,4
0.9907437,0.7661578,3
0.12768553,-0.03674267,4
-0.8740955,0.3992497,2
0.20028517,-0.89717954,4
0.50998855,-0.063195094,4
-0.5516689,0.32350162,2
-0.47820956,-0.81753874,1
0.1626295,0.14800812,3
0.71612126,-0.71505725,2
0.76926774,-0.9264433,4
0.8826894,-0.9681628,4
-0.87827986,0.40738443,2
0.058628302,0.6091807,3
0.16850433,-0.053728703,4
-0.16884468,-0.43578544,1
-0.9239603,-0.23033342,4
0.39380425,-0.96124053,4
-0.45543778,-0.47266108,1
0.5091226,-0.26677272,2
0.2756524,-0.22370116,2
0.78268117,0.516372,1
0.3331366,0.158071,1
0.467694,0.113457516,1
0.48482522,0.5062198,1
-0.6034974,-0.11440193,1
0.52075475,-0.66463774,2
-0.4253715,-0.6443929,1
0.014301917,-0.41327134,4
-0.5249462,-0.15923442,1
0.025744526,-0.008339406,4
0.1348416,-0.679498,4
-0.15645681,-0.036737345,4
-0.21683958,-0.50294834,1
0.016824264,0.5377549,3
0.9192314,-0.10025718,4
0.6532451,-0.43910226,2
0.51066947,-0.16136488,2
0.23962763,0.051192403,3
0.29714194,-0.9691875,4
-0.9115518,0.47038582,4
0.06122362,-0.19728683,4
0.9214754,0.4931384,3
0.16777676,-0.08554492,4
0.07255021,-0.20845957,4
0.6751421,-0.7428049,2
0.32470673,0.33649117,1
0.88587534,-0.057862625,4
0.49253407,0.7667835,1
-0.6682792,-0.37011507,1
-0.48111716,0.48806372,2
-0.1230354,0.34140614,4
0.07572491,-0.66233414,4
0.8762634,-0.55303377,2
0.4421748,-0.112353824,2
-0.86250174,0.04695295,4
-0.22161253,-0.24282612,1
0.8171565,0.53860074,1
-0.17775135,0.6667598,2
-0.684804,-0.19479981,1
0.50647676,-0.6093654,2
-0.26169828,-0.83054614,4
0.02696017,-0.7500838,4
0.5648958,-0.9797805,4
-0.5111452,-0.6619678,1
-0.22778387,0.85195994,4
0.41517162,0.28119433,1
0.8752314,0.348796,3
0.12328568,0.01054773,3
0.0791144,0.1001384,3
-0.7419972,0.75894654,2
-0.9385531,-0.44754952,4
-0.38447896,-0.70586425,1
0.77728474,0.8817749,3
0.8008297,0.26144776,1
0.11966235,0.614232,1
-0.76821053,-0.5670514,1
-0.7299283,0.026778793,4
0.53634226,-0.3537009,2
-0.8620985,0.6280936,2
0.48500115,-0.7345776,2
-0.5852228,0.34953016,2
0.2589745,-0.893601,4
0.45919472,-0.53133637,2
-0.92501867,0.94583684,4
0.4787938,0.7430282,1
0.9710189,0.9652944,3
-0.7079296,-0.25077525,1
0.9030442,0.7841605,3
-0.6717188,-0.9973455,4
0.2107383,-0.905276,4
-0.5362549,-0.9242862,4
0.98122036,0.33699524,3
-0.20530003,-0.36263782,1
0.872787,-0.66283333,4
-0.488672,-0.8954456,1
0.55644995,0.38243183,1
-0.33548677,-0.5738946,1
-0.90874606,-0.18379308,4
-0.1936506,0.41213524,2
0.27005413,0.9116287,3
0.23737064,-0.02268061,4
-0.7443592,0.51753074,2
-0.092072725,0.68374634,4
-0.3272024,0.7699273,2
-0.101913966,-0.950734,4
0.7300867,0.0233634,3
-0.16011582,0.22978577,4
-0.084146015,-0.919684,4
-0.3522786,0.8890548,4
-0.6538471,-0.21683776,1
-0.5128733,-0.66295075,1
0.9379875,-0.9179452,4
-0.9609102,0.3481546,4
-0.7605209,0.80337685,2
0.80660015,0.46291572,1
0.9692628,-0.482726,4
-0.53800994,0.032205574,4
-0.899375,0.13908952,4
0.048130818,0.78024024,3
0.6715952,-0.80164087,2
0.22348486,0.24294665,1
-0.58959204,-0.929653,4
-0.3195314,-0.9192319,4
0.73645514,0.88893414,3
-0.6314642,-0.02993092,4
-0.2699487,-0.6540013,1
0.2178423,-0.4551186,2
0.26003766,-0.86874425,4
-0.31369275,-0.30919075,1
-0.38354605,0.3778507,2
0.6423399,-0.6145087,2
-0.2837896,-0.8471682,4
0.84745127,-0.7649063,4
-0.76710534,0.7679509,2
0.61742693,-0.12611145,2
0.8475526,0.48507532,1
-0.88231295,0.47404796,2
0.2254839,0.051815663,3
0.18791468,0.75536406,3
0.29479745,-0.5731923,2
0.5929864,-0.9103178,4
-0.06432546,-0.9595881,4
-0.8383088,0.5624128,2
0.28498986,0.9854223,3
0.40167853,0.1835664,1
0.51914525,-0.3562937,2
0.86852765,-0.16666688,4
0.19867294,-0.57147753,2
0.8187857,0.9823071,3
-0.9586319,-0.44140548,4
-0.50872785,0.74403405,2
-0.66358477,-0.921155,4
-0.2620964,0.39763826,2
-0.87982666,-0.29597747,4
0.66474384,-0.8391368,2
-0.29500884,-0.51471716,1
-0.5540626,-0.30106077,1
-0.8143763,0.7861134,4
-0.46236026,-0.3777324,1
0.14352727,-0.3971815,2
0.1460073,-0.94400835,4
0.9275109,-0.123889364,4
0.9927669,0.25709993,3
-0.39007294,0.11418115,4
-0.8261648,-0.7902117,4
7.86525E-4,0.3839523,3
-0.779088,-0.852617,4
-0.052113876,-0.47395983,4
-0.64707434,0.029206201,4
-0.44075978,-0.68971324,1
0.34366095,0.14334448,1
0.95481133,0.1725468,3
0.43385273,0.21135622,1
-0.31226286,0.1597438,2
0.28048217,0.6385351,1
-0.92904496,0.7590375,4
0.06296639,0.88342243,3
0.30332783,0.39827302,1
0.5553836,0.3128415,1
-0.4899217,0.5787105,2
-0.7741699,0.3638027,2
-0.40445766,0.8373618,2
-0.7615411,0.35120827,2
0.15195443,-0.96491134,4
-0.3892979,-0.1596362,1
0.57618165,0.8279461,1
0.7176326,-0.8541208,4
0.017026125,0.603081,3
0.8373736,0.22362344,3
0.8089185,-0.35317403,2
0.49591866,0.98997265,3
-0.3564717,-0.13854478,1
-0.0033243818,0.9326711,4
0.8890204,0.95839816,3
-0.29049578,0.7702017,2
-0.8126106,-0.27046594,1
0.4459673,-0.1283589,2
-0.2564927,-0.2654807,1
0.56197053,0.16655278,1
0.5652233,0.5409276,1
-0.69408184,0.35454953,2
-0.67794394,-0.48468947,1
0.36996472,-0.63326555,2
0.46072465,0.08711431,3
-0.39610282,-0.7636917,1
-0.2510354,0.39371786,2
0.41563377,0.80320925,1
-0.48521975,-0.73631686,1
-0.49072003,-0.9922719,4
0.50648826,0.60663944,1
0.3011339,-0.07937853,4
-0.48039195,0.4520493,2
-0.39401165,-0.88767666,4
-0.2801394,-0.8845671,4
-0.99947226,0.48143232,4
0.9372381,0.26945624,3
-0.35242674,0.24273148,2
0.11431142,-0.94138503,4
0.30438134,0.4175759,1
-0.4373545,0.8200761,2
0.74015415,-0.12544136,4
0.7143939,0.4595659,1
0.85237426,0.7359483,3
-0.34814963,0.08002151,4
-0.6014722,-0.20453511,1
-0.14406542,-0.9279483,4
-0.55076516,0.48554212,2
-0.66470456,0.54908067,2
0.42075795,0.88730115,1
-0.41908303,0.7463757,2
0.8593128,-0.70596135,4
0.6368145,-0.1980109,2
0.026559148,0.91911054,3
-0.014386754,-0.80102736,4
-0.22489785,-0.5183288,1
0.91850436,-0.9279506,4
-0.7952126,-0.3911941,1
0.5922746,-0.43174183,2
-0.84497255,0.26017097,4
-0.9281873,0.49991256,4
-0.28465104,-0.28866258,1
0.31469426,0.63954484,1
-0.37419593,-0.9753916,4
0.27515405,0.18033303,1
-0.30915853,-0.6088387,1
0.087954834,-0.87816125,4
-0.85531265,-0.75405705,4
-0.36163336,0.6397093,2
0.28323826,-0.3631768,2
0.7326728,-0.14067182,4
0.61692107,0.97209305,3
-0.44567752,0.8772238,2
-0.6990704,0.975468,4
-0.8759476,0.3603771,4
-0.336301,0.44533893,2
0.078003496,0.6023935,3
0.2814328,0.24508888,1
0.23606193,0.5268364,1
-0.7640483,-0.15612848,4
0.15335594,-0.19815572,4
-0.05491639,0.68232876,4
-0.86895555,0.9664844,4
0.2692709,0.6552986,1
0.008235246,-0.7318785,4
-0.5249785,-0.9163547,4
-0.5349249,-0.22858946,1
0.075284034,0.6899221,3
-0.46224523,0.22334906,2
-0.43121818,0.29765266,2
-0.42062104,0.14515315,2
0.66479146,-0.7584019,2
-0.003650062,-0.32945028,4
-0.2931935,-0.1935469,1
-0.25187978,-0.23859487,1
-0.30202088,-0.59600747,1
0.81887084,0.60543895,1
0.5831862,-0.34623015,2
0.6528759,-0.76290065,2
-0.74298143,-0.9499556,4
-0.10898421,0.72150505,4
-0.85605335,-0.52230555,1
-0.3458928,-0.39731354,1
0.1363674,0.48245034,1
0.0894179,-0.2588123,4
0.17819136,0.90586054,3
-0.07005996,-0.84758246,4
-0.15391777,-0.7370188,4
-0.58830225,0.005967834,4
0.90741295,0.07085753,3
0.05256753,0.557444,3
-0.9765429,-0.7715548,4
0.51679426,-0.541819,2
-0.48171347,-0.49630472,1
0.072587416,-0.3754523,4
-0.55170065,-0.7988921,1
-0.0041135717,0.6473672,4
-0.9157436,-0.8368664,4
0.68158627,-0.4166866,2
-0.6428442,-0.59861594,1
0.19421822,-0.106031515,4
0.8212298,0.85868835,3
0.52328336,-0.7154445,2
0.25180146,0.07061112,3
0.90413964,-0.7568111,4
-0.877311,0.82512647,4
-0.77645326,0.19281307,4
-0.10269627,-0.6882809,4
0.74967563,0.3418273,1
-0.6804648,-0.2937366,1
0.20959349,-0.44427583,2
0.70497423,-0.34439173,2
0.5829364,-0.12910391,2
-0.39002362,-0.29412577,1
-0.11131237,-0.3669075,4
-0.80447954,-0.6389528,1
-0.28731972,0.66683936,2
-0.89522845,-0.8364682,4
0.25664702,-0.63154054,2
0.7377105,0.9559041,3
0.28534335,-0.8358384,2
0.4331437,-0.6868159,2
0.50647277,-0.6140069,2
0.25786296,0.02752316,3
-0.3611535,0.29228023,2
-0.14532533,0.4822832,2
-0.29258722,-0.30449292,1
0.115474455,-0.22994052,4
0.94949394,-0.540586,4
0.32249346,-0.51072097,2
-0.87522703,-0.011577881,4
0.8402973,-0.70341575,2
0.9922746,-0.24367926,4
-0.5569286,0.4972889,2
-0.74921256,0.90748215,4
0.9261798,0.22377272,3
0.33487973,-0.98730487,4
0.7779362,0.08175749,3
-0.88313895,-0.82696176,4
0.3769821,0.5369882,1
-0.21425156,-0.16095872,4
-0.5673831,-0.23008248,1
-0.042503536,-0.051288273,4
-0.8001207,-0.7564265,1
-0.5835455,0.28683054,2
-0.6218664,-0.19013463,1
-0.20378152,0.32925054,2
0.54136497,-0.17783676,2
0.97874594,-0.7402416,4
0.45034325,0.42706317,1
0.023807468,0.33338955,3
0.6612673,0.9758291,3
-0.9634492,-0.6910875,4
-0.527546,-0.6739198,1
-0.46084452,0.2845292,2
0.4400907,-0.30312952,2
0.63326144,-0.055335954,4
0.44602188,0.6953862,1
0.5230562,-0.037956692,4
-0.38500538,0.15106337,2
-0.1853911,-0.9019045,4
-0.7442596,-0.52699155,1
0.41524282,-0.5939706,2
-0.560277,0.38917935,2
-0.17255859,0.86477697,4
0.8333376,-0.8691336,4
-0.83501524,-0.2416857,4
-0.036203798,-0.606412,4
0.3147182,0.16370372,1
-0.7741089,-0.2644052,1
-0.6744433,-0.9774732,4
0.626278,-0.5322453,2
-0.67296815,-0.5557928,1
-0.48612452,-0.45633107,1
-0.93710756,0.12605001,4
-0.64056927,-0.5235536,1
0.47097135,-0.9263479,4
-0.97574717,-0.111355804,4
0.6487355,-0.8333334,2
-0.10242982,0.9444576,4
0.014638675,-0.4612675,4
-0.21607974,-0.38167778,1
-0.49140057,0.22670859,2
-0.5135666,-0.47833,1
-0.72936916,0.09317872,4
0.6588261,-0.16034363,2
-0.60515,-0.3624756,1
-0.31162855,0.8222571,2
0.076800555,0.98468775,3
0.124067836,0.2292089,3
-0.24477763,-0.9229237,4
-0.5213195,0.14584716,2
-0.30489227,0.8938904,4
-0.8897165,0.66697264,4
-0.13291511,-0.61652035,1
0.32838216,0.088456154,3
-0.051126007,-0.28183377,4
-0.12834996,0.451369,2
0.8077628,-0.5327026,2
-0.5312327,0.55100447,2
-0.081246585,-0.6668794,4
-0.6791998,-0.14676446,1
0.83123374,-0.7945982,4
0.033014763,0.15322857,3
0.017731175,-0.5354658,4
-0.22402886,-0.73338455,1
0.2215081,-0.30078393,2
-0.72980237,0.56080073,2
-0.23453654,0.3035999,2
0.5656969,-0.28583923,2
0.19300613,0.78014857,3
0.52699006,-0.2665305,2
0.08227025,-0.0017427271,4
0.43635723,0.9649628,3
0.9082449,0.14503159,3
-0.8076136,0.60203296,2
-0.5769057,-0.34656116,1
-0.7921045,0.022621619,4
0.18314718,-0.99562246,4
-0.69925416,0.18195781,2
-0.42826197,0.9730396,4
-0.37698197,-0.7586326,1
0.95028484,-0.37373453,4
-0.011525386,0.6314557,4
-0.5843081,0.17642318,2
0.83518726,-0.17195407,4
0.050369624,0.6586692,3
-0.5003417,0.2618313,2
-0.4781347,0.32227582,2
-0.51927865,0.9877809,4
-0.5776969,0.6130411,2
0.9359569,-0.9920879,4
0.83353376,0.67262214,1
0.7803131,-0.5288744,2
-0.7379013,0.39196292,2
0.44607526,-0.63362557,2
-0.69118553,0.2298147,2
0.6152797,0.7805161,1
-0.779011,0.2436763,2
-0.94987893,0.30977756,4
0.8209824,-0.9206914,4
0.023856932,-0.20616132,4
0.21302898,-0.97369397,4
-0.20583707,0.18411799,4
-0.85906005,-0.32896367,1
0.06284962,-0.9370753,4
-0.09749019,0.16458793,4
0.43030113,-0.9022834,4
0.3221522,0.67219204,1
-0.5200489,-0.4552164,1
-0.5585059,-0.8180857,1
0.31756407,-0.19074784,2
-0.69163924,0.5242409,2
0.1420438,-0.97661144,4
-0.47221375,0.19050919,2
0.73894167,0.6227514,1
-0.91561174,0.33696383,4
-0.33520558,-0.020173782,4
0.35364908,-0.7774542,2
0.3298696,0.29735133,1
-0.80965394,0.2523507,2
-0.8111451,-0.8313773,4
0.515581,0.7850194,1
-0.18652429,-0.520357,1
0.919558,-0.08884463,4
0.7479828,-0.3419405,2
0.45546454,0.5211868,1
0.73790205,-0.33358812,2
-0.97948754,0.1549238,4
-0.8256072,0.5922908,2
0.50339967,-0.6386136,2
-0.5889856,-0.7944146,1
0.22315507,-0.40369156,2
-0.01334759,0.43307522,4
0.09253427,-0.9539497,4
-0.27218816,0.34320202,2
-0.59016526,0.1904813,2
-0.7945662,-0.06106606,4
-0.78379595,-0.5962788,1
-0.91415054,-0.17578803,4
0.7512159,0.440458,1
-0.457565,-0.36045143,1
-0.30230543,0.2668871,2
0.083985865,0.054924753,3
-0.37253168,-0.63085407,1
-0.092217825,-0.93678933,4
0.34293798,-0.5915547,2
-0.8002316,0.33491388,2
-0.3449513,0.8909277,4
-0.31877387,-0.52486485,1
0.5464565,0.3816094,1
0.14076895,0.16619258,3
-0.36061546,0.7155941,2
-0.3075551,0.38445088,2
-0.5791341,0.64607054,2
0.06518172,-0.85252804,4
-0.22622506,0.41743764,2
0.3557657,0.57768035,1
0.020250542,0.8632267,3
-0.6330028,0.4613154,2
0.9048186,-0.19768007,4
-0.095381826,0.93652105,4
0.72772354,0.74329126,1
0.22106275,-0.5379998,2
-0.81531656,-0.79447496,4
0.17103115,0.7977413,3
0.37748355,-0.6729055,2
-0.41665566,-0.62809956,1
0.9305294,-0.14678814,4
-0.14451317,0.11300267,4
0.1816814,0.08538927,3
0.8417003,0.5942023,1
-0.98860323,0.920277,4
-0.26755726,0.16642158,4
0.032408565,-0.28152496,4
0.8124806,0.64976496,1
0.5828729,0.4174419,1
0.7368362,0.10768299,3
-0.75087947,0.0389509,4
-0.7217363,0.2459402,2
0.4898503,-0.45962426,2
0.37688184,-0.94148207,4
0.3418069,0.8204113,1
0.7620436,-0.5148387,2
-0.84231305,0.6136672,2
-0.58152366,0.05035816,4
0.8602211,-0.0051030167,4
0.73317987,0.72111595,1
0.29208362,-0.7375431,2
-0.7134785,0.55097985,2
0.8994826,0.08191265,3
0.9404222,-0.92968565,4
0.20798892,-0.055455726,4
-0.871521,0.837949,4
0.3323631,0.23182508,1
-0.9326765,0.08686512,4
-0.89215523,0.47577965,2
-0.014530695,-0.023318548,4
0.33856997,-0.2335466,2
0.40535262,0.60827196,1
-0.8705136,-0.31844434,4
0.016226642,-0.33907083,4
0.3013397,-0.4003358,2
-0.25998032,-0.7199367,1
0.48400652,0.8072096,1
-0.7807768,0.67350614,2
-0.3583473,0.42078415,2
0.14532721,-0.23293282,4
-0.4961004,-0.17985089,1
0.5982746,-0.77493405,2
0.66038334,-0.9763578,4
-0.118141666,0.15914479,4
0.9217954,0.23651443,3
-0.7830606,0.9287434,4
0.9586964,0.6640549,3
-0.90618443,0.57919365,4
-0.7999031,0.6051891,2
-0.91297483,0.6684734,4
0.5070039,-0.17143454,2
0.5003221,-0.49876556,2
0.23183334,-0.71802837,2
0.33651307,-0.88120157,4
0.932793,0.29725143,3
0.77629834,-0.21360697,2
-0.76695776,-0.3732789,1
-0.39778548,-0.8260218,1
-0.9023604,-0.11658874,4
-0.1817738,-0.055409193,4
-0.85300845,-0.7437111,4
-0.9075288,0.044213813,4
-0.466282,-0.2670563,1
-0.40988666,0.62975514,2
0.38055566,-0.5139516,2
0.265212,-0.72320217,2
0.81012064,0.5662324,1
0.7449706,0.87636304,3
-0.806943,-0.40716293,1
0.5666784,-0.53999555,2
-0.6007,0.74534696,2
-0.28288588,-0.9148694,4
0.55788594,-0.9678791,4
0.17613193,0.86753106,3
-0.88605535,-0.45062518,1
-0.5193947,0.26565954,2
-0.18278839,-0.7578043,4
0.20185485,-0.19869591,4
0.68460286,-0.45930496,2
-0.33085865,-0.4561443,1
-0.049904075,-0.83176297,4
0.27375793,0.89046156,3
0.54836535,0.40500695,1
0.2527077,0.44192916,1
-0.22567645,-0.8609893,4
-0.022093244,0.1043251,4
0.41892046,-0.8520734,2
-0.53369355,0.93879056,4
0.9022601,0.22905786,3
-0.92172027,-0.26282662,4
-0.2917065,0.030962437,4
-0.81392777,0.8186553,4
-0.2289487,0.739165,2
-0.028930295,-0.87736976,4
-0.6294164,0.12968382,2
-0.5519122,0.3156685,2
-0.43252486,-0.07206622,4
0.3168425,-0.6645208,2
0.23800993,0.89689445,3
0.3052132,0.5623622,1
-0.63223976,-0.37273884,1
0.29586393,0.63871735,1
-0.5804202,0.613623,2
-0.28276065,0.8497591,4
0.31268236,0.87454355,3
-0.5680914,-0.06633892,4
0.8326918,-0.8892565,4
0.6696797,0.20693362,1
-0.8617484,-0.80558294,4
0.4298626,-0.029083911,4
0.43798542,0.6440385,1
-0.7834881,-0.6921566,1
-0.117696844,0.66284615,4
-0.027567849,0.58002377,4
-0.75224924,-0.6944832,1
-0.35781735,-0.7867557,1
-0.9126962,-0.6136263,4
0.9212722,0.6755975,3
-0.32178992,-0.14620146,1
-0.56181324,-0.044499125,4
0.31968674,-0.4706553,2
0.8678454,0.29776022,3
-0.6840161,-0.6536194,1
-0.7104649,0.47410405,2
0.32602692,-0.47808427,2
0.47932583,0.44469616,1
0.66905415,-0.5434062,2
-0.23357812,-0.09028968,4
-0.3536297,0.58166337,2
-0.4151415,0.9551299,4
-0.02746289,-0.14193472,4
0.9164048,0.7645135,3
-0.9949715,0.18160397,4
-0.5525115,-0.8014557,1
0.61957806,-0.44050154,2
-0.54758936,0.93676186,4
-0.70084816,-0.40256363,1
0.16707094,0.83094984,3
-0.712319,-0.42741764,1
0.7318785,0.13723359,3
-0.49460673,-0.83317864,1
0.6594754,0.3740191,1
-0.6692154,0.79584384,2
-0.777647,0.69548243,2
-0.6750245,-0.6064904,1
-0.8426038,-0.124602765,4
0.5073991,-0.5027457,2
-0.35115978,-0.7363335,1
-0.11252589,0.5291305,2
0.67808235,0.40800196,1
0.61511356,-0.72159576,2
-0.48176077,0.42577294,2
0.33362895,-0.23454499,2
0.4032983,-0.33387443,2
-0.89821094,0.9030569,4
0.21616061,-0.27995023,2
0.59749633,-0.33005577,2
0.416829,-0.5838494,2
-0.77625144,-0.12710446,4
0.37144598,0.08245891,3
-0.79174566,-0.0026030112,4
-0.25515878,-0.94030714,4
-0.17872423,0.133274,4
-0.3163005,0.21896227,2
-0.5680258,-0.48949167,1
0.14441417,0.06698345,3
0.28173718,0.7917863,1
-0.09085492,-0.08554733,4
-0.42632982,0.9421517,4
0.5855509,0.5383023,1
0.76063734,-0.76753527,2
0.200121,-0.21385652,4
-0.24006027,0.7321972,2
-0.12801574,-0.3487234,4
0.23092265,0.5084213,1
0.49352476,-0.51077145,2
0.022507347,-0.3283213,4
-0.6539109,0.2518553,2
-0.5691566,-0.6042565,1
-0.85647917,0.8826247,4
-0.99701566,-0.91287833,4
0.1232134,0.3467734,3
0.28068882,-0.008542474,4
-0.5061767,-0.83738947,1
-0.90084356,-0.30215487,4
-0.19925931,0.7553175,2
-0.16129383,0.23837194,4
0.58486634,-0.5278274,2
0.37311286,0.77904934,1
0.08719689,0.6782063,3
-0.633483,-0.7403873,1
-0.30882493,0.9938724,4
0.04152809,-0.23649772,4
-0.70328724,-0.55860305,1
-0.42565653,-0.11433596,1
0.88424873,-0.9659539,4
0.86841,0.91463745,3
0.15415645,-0.82736856,4
-0.38364422,-0.7432738,1
0.31626946,0.10615016,3
0.2806258,0.20387486,1
-0.14375366,-0.33146548,1
-0.09354492,0.8832032,4
-0.58005166,-0.47893533,1
0.5265193,0.024978545,3
-0.1660414,-0.78992444,4
-0.675197,0.04713294,4
-0.28017795,-0.5078327,1
0.6979311,-0.12173744,4
-0.83845913,-0.4157925,1
-0.11458926,0.9273722,4
-0.5496882,0.26299012,2
-0.06406523,-0.3425419,4
0.057444986,0.06949531,3
0.43510053,0.3313491,1
0.675858,-0.7347277,2
-0.3593986,0.67205435,2
0.42249104,-0.35645473,2
-0.5458488,-0.5838047,1
0.108442076,-0.18477978,4
-0.9948952,0.037925158,4
0.86057556,-0.8299504,4
-0.47105867,-0.71792936,1
-0.68219125,-0.64421123,1
0.6944802,0.56905496,1
0.1272359,-0.1767428,4
0.56690156,0.820493,1
0.52970093,-0.24720496,2
-0.010651372,0.80317503,4
-0.548616,0.50768375,2
-0.67591083,-0.29951537,1
0.7074202,0.652678,1
-0.7850802,0.29412413,2
0.67552096,-0.46912625,2
-0.6843028,-0.124650404,4
-0.8879761,-0.5902841,1
-0.22441454,-0.19625519,4
-0.3402539,0.2870266,2
-0.32018948,-0.5071075,1
0.036474098,-0.40948585,4
0.6154166,0.5261284,1
0.89487225,-0.79070044,4
0.064721934,-0.40810722,4
0.9090476,0.56357664,3
0.42487586,0.97702134,3
-0.23003998,0.7485999,2
-0.8898805,0.46764618,2
0.461322,-0.81822824,2
-0.5859412,0.68120503,2
-0.5604167,0.63667905,2
0.59245926,-0.9106141,4
0.15604971,-0.9344925,4
0.9727758,0.29066154,3
-0.26386067,-0.80865955,1
-0.19516532,-0.54760337,1
0.57023114,-0.5055741,2
0.037786916,0.26633874,3
0.07251437,0.92157483,3
-0.7583445,0.2476328,2
0.9287016,0.41543147,3
-0.51249677,0.75632536,2
0.780419,-0.80956566,4
-0.841551,0.7316548,4
0.48354298,0.5748647,1
0.38446602,-0.19674903,2
-0.17029569,-0.8065416,4
-0.9229044,0.17969501,4
0.934633,0.28263322,3
0.38591692,-0.48627892,2
0.37397283,-0.9895359,4
0.80681175,0.8046655,3
-0.41335508,0.8161144,2
-0.8572285,0.32260147,2
-0.93220514,0.9885131,4
0.051191878,0.5249218,3
-0.56219035,0.97164017,4
0.0073081627,-0.015036585,4
-0.39915532,0.21386804,2
0.17162319,0.46359292,1
0.8957535,-0.2286226,4
-0.13011357,0.4285025,2
0.3942675,-0.6692497,2
0.17738438,0.5622921,1
0.3157231,0.8334167,1
-0.55499536,0.09924374,4
-0.09540902,-0.53528756,4
-0.48725832,-0.80798054,1
-0.9434891,0.41288158,4
0.82701224,-0.06665468,4
-0.51950735,-0.49156278,1
0.7113546,-0.8559304,4
-0.7506068,-0.37812975,1
-0.36421308,-0.4121868,1
0.21773666,0.52777576,1
-0.5116966,0.8837568,2
0.9753935,-0.1639565,4
-0.42730898,-0.93706036,4
0.7575917,0.5458378,1
0.34005147,0.44976985,1
0.046183158,0.7956702,3
-0.29288238,-0.6507222,1
-0.5259569,-0.5370542,1
0.22265449,-0.11803067,4
0.08393298,-0.59105664,4
-0.68605894,0.23196499,2
0.9951111,0.37026608,3
-0.62147063,0.56044,2
-0.9045733,-0.23462063,4
-0.4178174,-0.114793256,1
-0.49641147,0.014929095,4
0.8820954,0.33861023,3
-0.76424974,-0.63288754,1
0.015204533,-0.6102649,4
-0.23749071,-0.3255484,1
0.9745993,-0.14674865,4
0.9568683,-0.9141024,4
-0.15725464,-0.19394754,4
-0.68933856,0.19827281,2
0.7584384,-0.10583008,4
-0.76359856,0.85363346,4
-0.7348922,-0.0637255,4
-0.22654393,-0.5257822,1
0.32129213,0.21640389,1
0.08191551,-0.40578154,4
-0.15018676,-0.59261626,1
-0.2655342,-0.9223006,4
0.86037695,0.67773724,3
0.0060366914,0.4045528,3
-0.09896604,0.20870751,4
0.11294426,-0.6385272,4
0.8771345,0.08434366,3
-0.3322962,0.49249777,2
-0.87788343,0.31643102,4
-0.5073605,0.74375343,2
-0.987332,0.6273729,4
-0.6251287,-0.12039398,1
-0.6084916,-0.46203983,1
-0.65278584,-0.54748744,1
0.5942372,0.29329246,1
0.6439743,-0.623565,2
0.97240007,0.20894442,3
-0.3924156,0.48376122,2
-0.5368736,0.1307956,2
0.5114695,0.8382552,1
-0.023603724,-0.124225736,4
-0.4835097,-0.9683634,4
-0.8458039,-0.2429096,4
-0.20723668,-0.7910327,4
-0.59847295,-0.40363598,1
-0.78439003,0.14810246,4
-0.002567673,0.98638034,4
0.98384047,0.3610391,3
0.564913,-0.007966088,4
0.010530721,0.89007616,3
-0.7881946,-0.03664968,4
9.050764E-4,-0.76072425,4
0.25039566,-0.31669718,2
-0.24111158,-0.2882049,1
-0.4382494,0.6844697,2
0.45334715,-0.68376434,2
-0.6085532,-0.75759506,1
0.32698897,0.36023498,1
0.6465836,-0.71007466,2
-0.35465336,0.8671041,2
-0.39033192,0.2953423,2
0.56022304,0.03139213,3
-0.606837,-0.9910028,4
0.0014275633,0.0718374,3
0.42919415,-0.09371375,4
0.71258813,0.04524267,3
0.8221121,0.14168856,3
0.11127525,-0.5476097,2
0.48731184,0.87714,1
0.78062856,-0.20280895,4
0.65791297,-0.04057645,4
0.08912822,0.65283865,3
0.56160736,-0.9049257,4
-0.31289217,-0.75617987,1
-0.14681454,-0.09237476,4
0.44305828,-0.9297898,4
0.7339542,-0.43914986,2
0.7597243,-0.3192442,2
-0.40253752,-0.007015008,4
0.14945044,0.3438359,1
0.51165485,-0.7692606,2
-0.54981637,-0.92954195,4
-0.11922454,0.73823786,4
0.12799573,-0.788966,4
-0.77395195,-0.6951432,1
-0.26106012,0.6777514,2
-0.8176382,-0.41274562,1
0.8125092,-0.26305988,2
0.5288941,0.09471535,3
0.1709186,0.27090737,3
-0.6451934,-0.85673696,1
-0.9871148,0.42629495,4
-0.6931484,0.1028186,4
0.96753305,-0.3539093,4
0.27393177,-0.8769853,4
-0.23649603,0.22500236,2
-0.16564323,-0.5528995,1
0.16030782,0.73298275,3
-0.6752554,0.40970173,2
-0.6466007,-0.08072903,4
0.48521933,0.2630274,1
-0.80857956,-0.960606,4
-0.7062417,0.08744519,4
0.23350282,-0.059849214,4
0.82324624,-0.7838274,4
0.92647517,-0.30732176,4
0.7379972,0.8401611,3
0.99627537,0.081278205,3
-0.60779375,-0.24192181,1
-0.4751796,-0.1642389,1
-0.5990008,0.59761983,2
-0.87696165,-0.86235887,4
-0.9745518,0.25821474,4
0.11272253,-0.36440465,4
-0.25387248,0.8115096,2
0.69431835,0.9731775,3
0.9954844,0.6448523,3
0.7047088,0.66185546,1
0.17750451,0.24431829,3
-0.24148361,0.025019102,4
-0.1761467,0.6876551,2
-0.6816082,0.8936839,4
0.018880185,-0.34615582,4
0.5542154,-0.24780667,2
-0.9284281,-0.4451875,4
-0.2719128,0.11230154,4
0.8207479,-0.7438503,4
0.28143725,0.036595643,3
0.93049234,0.7775183,3
-0.19746104,-0.06270479,4
-0.93398064,-0.6502301,4
0.6171633,0.044044957,3
0.9358741,-0.74538875,4
0.87206286,-0.73560596,4
-0.15542814,0.98398834,4
0.6704294,-0.44676554,2
-0.37951592,-0.56981045,1
-0.9295788,0.3625479,4
-0.43302006,0.053992547,4
0.5723089,0.2603905,1
-0.5694619,0.27701092,2
0.09674245,-0.61188,4
0.2877444,0.70572245,1
-0.60390425,-0.932548,4
-0.27620462,-0.7815084,1
-0.657204,-0.42599395,1
0.70833063,0.43322316,1
-0.39699924,-0.138417,1
-0.829881,-0.37788337,1
-0.16906273,-0.14850692,4
-0.56967103,-0.24868472,1
0.70867217,0.79383034,1
-0.6251857,0.99707353,4
0.90803295,0.16266972,3
0.52905,-0.17360467,2
-0.6341452,0.56473964,2
0.04505871,-0.47107798,4
-0.85931873,-0.7787992,4
0.017866438,-0.051821686,4
-0.44150126,-0.2752581,1
0.5197347,-0.91588736,4
-0.64296186,0.9792786,4
0.27361494,-0.77480483,2
-0.89736867,-0.5028773,1
0.9829779,-0.68283343,4
0.28056198,0.5585638,1
-0.006630168,-0.6131423,4
-0.85069644,-0.86861265,4
-0.8182453,0.01332855,4
-0.29900903,0.90292746,4
-0.24709858,0.07490335,4
-0.115074866,-0.7051663,4
0.96777964,-0.70049345,4
0.6278631,-0.08919204,4
-0.26286864,0.50703245,2
0.1242988,-0.48985437,2
-0.51591337,-0.14369021,1
0.37189355,0.30499426,1
0.7128977,-0.104449846,4
0.991668,0.14681962,3
0.31656605,-0.23600224,2
0.9995204,0.9976487,3
-0.18565795,-0.49617422,1
0.3850894,-0.025763514,4
0.43077967,-0.88484687,2
0.105932295,-0.7916188,4
-0.7887693,-0.27661756,1
-0.5805566,0.78419167,2
-0.7856328,0.026890723,4
-0.64811033,-0.90681183,4
0.23052393,0.05442841,3
0.54339445,-0.90930444,4
0.44535524,0.18541501,1
0.70965254,-0.8579323,4
0.0015038318,0.3726438,3
-0.47438577,-0.585143,1
0.5066828,0.5557389,1
0.86332726,-0.8968755,4
0.19477473,0.36503464,1
0.0055804797,0.16266212,3
0.66725475,0.389376,1
0.708945,-0.30902386,2
-0.07455181,0.5176665,4
-0.19573742,-0.39653817,1
-0.2501639,-0.837181,4
-0.6004167,0.83727396,2
-0.6091752,0.538091,2
0.69000816,-0.043021083,4
0.0060997675,-0.42038292,4
0.8808453,0.7411503,3
-0.6871141,-0.4047234,1
-0.2050579,0.09664873,4
-0.4808598,0.26886383,2
-0.63799304,0.47740537,2
-0.24409308,-0.7401428,1
-0.6228094,-0.12289488,1
0.95376503,-0.68709075,4
0.668146,-0.5797543,2
0.38950586,0.5275107,1
0.1242432,-0.40637532,2
0.9748776,0.23710768,3
0.9185649,-0.75961304,4
0.76743835,0.8082796,3
-0.30723527,0.5813411,2
-0.84573674,0.59441465,2
0.4768204,0.73333323,1
-0.30754763,-0.73535347,1
0.68017024,-0.53795713,2
-0.31390902,-0.2223556,1
-0.38232845,0.23664597,2
-0.76248455,-0.6188226,1
0.7232749,-0.9536338,4
-0.26855665,-0.8077987,1
0.85625976,0.89401454,3
-0.5062742,0.14854442,2
-0.08066837,-0.60080373,4
0.7121877,0.4220976,1
-0.61516774,0.52394074,2
0.61522096,-0.25525892,2
-0.7352309,-0.9239113,4
-0.62549967,-0.4779307,1
-0.43767753,0.3508505,2
-0.7686041,0.096302636,4
0.30694216,-0.96147573,4
-0.057643645,0.06860373,4
-0.09790111,-0.6435552,4
0.7967433,-0.79765654,4
0.7042077,0.2558087,1
-0.8187017,0.102690265,4
-0.49680415,-0.49089816,1
-0.051372003,0.6042245,4
0.88963807,0.5014312,1
0.69279534,0.59710747,1
-0.6296621,-0.3708558,1
-0.55669093,-0.11633681,1
-0.4663153,0.3516928,2
-0.74049443,-0.41894117,1
0.56807065,0.14778219,1
0.7405211,0.5720981,1
0.0011044008,0.894418,3
0.5617547,0.5549695,1
-0.34568912,-0.48245317,1
-0.19307254,0.35412085,2
0.4974611,0.155562,1
0.085542455,0.3282569,3
0.33862758,-0.4679758,2
0.20875871,0.9477885,3
-0.8994852,-0.24847421,4
-0.45760983,-0.08711292,4
0.8105675,-0.6872955,2
0.0639474,-0.45537257,4
-0.62818855,-0.22500825,1
-0.37865847,0.6055302,2
0.68333673,0.22075748,1
-0.075927295,0.19214289,4
0.7437844,0.42209244,1
0.39342934,-0.108873196,4
-0.0018485833,0.45154727,4
-0.84357274,0.0016454718,4
0.37768242,-0.6312755,2
-0.8110796,0.3006777,2
-0.7654304,0.5696992,2
0.8965185,-0.43579245,4
-0.31236574,0.4038212,2
0.26765105,0.85607016,3
-0.22788213,-0.25746956,1
0.14131697,-0.5424377,2
-0.773836,-0.6726052,1
-0.8972332,-0.76524717,4
0.7485231,0.9296577,3
0.05356412,-0.77324235,4
0.12646897,-0.37883773,2
0.5981767,-0.7129286,2
0.7598646,-0.21340583,2
0.047452517,-0.27862328,4
0.796773,0.89956677,3
-0.9399632,-0.9609218,4
-0.6520434,0.54014796,2
-0.27400956,0.17213963,2
0.062066868,-0.35099345,4
0.24257413,0.81362784,3
-0.27972504,0.5934353,2
-0.75963676,-0.110303454,4
0.44854966,0.26308462,1
0.2885643,-0.39742836,2
0.64774096,0.118319795,3
-0.858395,0.96842605,4
-0.1939179,0.8816918,4
0.8847744,0.32286286,3
-0.0143269,-0.6069082,4
-0.7051086,0.8780507,4
-0.036034107,-0.95826524,4
0.45268467,-0.91061413,4
0.76322085,-0.8568013,4
0.9267679,0.32588273,3
-0.38464022,0.647322,2
-0.3051993,0.13732137,4
-0.7134077,-0.35716,1
0.37562436,0.27251196,1
-0.87435323,0.26722106,4
0.31686923,0.52686006,1
-0.7986116,0.835239,4
-0.38427016,0.48374856,2
-0.5399367,-0.732602,1
0.24630961,-0.7369224,2
-0.040644344,0.22940375,4
-0.874861,0.50163335,2
-0.074095905,0.78645265,4
-0.8328265,-0.036216397,4
0.6348707,-0.16881035,2
-0.83221674,0.41732782,2
-0.075385615,-0.938238,4
0.69194555,0.7081557,1
0.53646886,-0.13352345,2
0.060059052,-0.6713033,4
0.40908262,-0.8858562,2
-0.00950272,-0.80102664,4
0.55872864,-0.44572768,2
0.49222565,-0.1346049,2
-0.75855446,-0.7011465,1
0.19650689,-0.12873775,4
-0.28017414,-0.31244403,1
-0.5250752,-0.33572647,1
-0.8532812,-0.26927355,4
-0.58834267,0.08016234,4
-0.1699312,0.27967224,2
-0.01886456,-0.82208776,4
-0.5424351,0.09127831,4
0.62792516,-0.99916786,4
-0.26327285,-0.9659093,4
0.853875,-0.30090144,4
-0.6544882,0.82557565,2
-0.61172724,-0.62679833,1
-0.909532,0.89534146,4
0.04996042,-0.015941523,4
0.7339337,0.23668988,1
0.5060565,0.7243863,1
0.078709975,-0.56106,4
0.7901415,0.35725603,1
-0.41189265,0.48554668,2
-0.33653724,-0.79842544,1
0.07120977,-0.6418857,4
0.6859185,-0.3194275,2
0.77765614,0.003983127,3
0.20928559,-0.35179806,2
0.62319165,-0.19485447,2
0.41335675,-0.9303221,4
0.206694,0.32882562,1
-0.023643231,0.05622318,4
0.78133404,0.845136,3
-0.9957888,0.74040735,4
0.40698218,-0.13519922,2
-0.5610576,-0.97270423,4
-0.862075,-0.21998397,4
-0.6753272,0.86795497,4
0.2894115,-0.41590834,2
-0.96958274,-0.6243126,4
-0.42150128,0.600603,2
-0.18795055,-0.15830238,4
0.24912193,0.17035225,3
-0.058469225,-0.49428087,4
0.16826655,0.3245241,1
-0.960306,-0.20153932,4
0.3195724,0.61499226,1
-0.78042483,0.6965571,2
-0.877346,0.4778165,2
0.18049203,-0.18296066,4
-0.42912644,0.77354497,2
0.48877046,0.927166,3
0.30725694,0.478016,1
0.9392214,-0.3432133,4
-0.55230457,0.8899307,2
0.11217722,0.37423563,3
-0.78747076,0.17654803,4
-0.9759035,-0.5769178,4
0.24206299,-0.40357178,2
-0.88454944,0.21589357,4
0.8485142,-0.6817669,2
-0.27219027,-0.95750815,4
0.39635178,0.39716643,1
-0.3072532,0.87401694,4
-0.4950676,0.17571779,2
0.6883823,-0.06956572,4
0.8317964,-0.85705054,4
-0.38490343,0.32795486,2
0.821939,0.11664674,3
-0.59986264,-0.265837,1
0.9978239,-0.49477282,4
0.36155605,-0.36752534,2
-0.8831384,-0.63861495,4
-0.45489287,-0.46612054,1
-0.16247477,-0.04297667,4
-0.7065511,-0.72725564,1
-0.587767,-0.31089467,1
0.7151881,-0.6152116,2
-0.6354235,0.26863468,2
0.6920117,0.4891636,1
0.11042959,0.35005182,3
0.5953548,0.5829072,1
-0.95307654,0.025912749,4
0.9797548,0.20485586,3
0.76022935,-0.058206677,4
-0.82175386,-0.46255594,1
-0.3074595,0.1789416,2
-0.05414764,0.6886341,4
-0.13939935,-0.4927218,1
-0.9195636,0.6325547,4
0.032577805,-0.87107706,4
0.295872,-0.4137472,2
0.14703569,0.6125036,1
0.5307029,-0.038707793,4
-0.3027912,-0.63891774,1
0.34615904,0.45275852,1
-0.6942603,0.66161096,2
0.10060363,0.31456167,3
0.7794898,-0.86859226,4
-0.81681454,0.41875133,2
0.5609897,0.20722173,1
0.7476768,0.307892,1
0.6825455,0.21503477,1
0.10817795,0.12337048,3
0.08097423,-0.48617616,4
-0.7584253,-0.97116214,4
-0.55460876,-0.77591157,1
0.68733627,-0.45318446,2
0.6474273,0.13202314,1
-0.45655462,0.087823585,4
-0.75729334,0.50279635,2
0.22795543,-0.12478337,4
-0.4656313,-0.25852886,1
-0.79112726,-0.5447574,1
0.25387102,-0.892315,4
7.6323195E-4,0.030665506,3
-0.9587369,-0.9797176,4
0.3846899,-0.03237641,4
-0.40342578,0.88067096,2
0.028786156,0.99922055,3
0.6259111,-0.20124678,2
-0.53002363,-0.11432287,1
0.5203155,-0.8771397,2
0.76305664,-0.41030234,2
0.08238354,0.2551952,3
0.011552517,-0.6129659,4
-0.4448978,-0.123130836,1
0.46547294,-0.2439403,2
-0.29068735,-0.5883051,1
-0.09571637,-0.6235104,4
-0.18933897,0.32547605,2
-0.38087478,0.1162176,4
-0.08614767,-0.312387,4
0.46650591,-0.5034365,2
-0.8785248,-0.685579,4
0.18639986,0.8000544,3
-0.8033808,0.76863587,4
-0.5391127,0.72119194,2
0.2329584,-0.49283832,2
0.03517465,-0.7405142,4
-0.03707136,0.5491899,4
0.63103527,0.41535997,1
0.7240797,-0.82059914,2
-0.6465828,-0.8266306,1
0.10563592,-0.5939656,4
0.8241638,0.24349006,3
0.8617508,0.16119604,3
0.37249932,-0.919925,4
0.80489767,0.56084204,1
0.27013317,-0.19060247,2
0.08228802,0.93446535,3
0.2195395,-0.12947159,4
-0.50983626,-0.2104174,1
0.08717355,-0.5893741,4
-0.7047367,0.3937009,2
-0.7809136,0.7745414,2
-0.5902864,0.23651965,2
-0.41539362,-0.21002528,1
0.70505387,0.27770305,1
-0.5355444,-0.02675964,4
-0.246951,0.5906349,2
0.4328747,-0.73296773,2
-0.6545943,0.7801474,2
0.97903216,0.4704065,3
0.77145535,-0.61770856,2
-0.72880405,-0.86747444,4
-0.9776783,0.34679732,4
-0.71214855,0.35553876,2
0.8420451,0.65794873,1
0.823149,0.6883002,1
-0.1394126,-0.8328251,4
0.719771,-0.9085463,4
0.92059445,0.7907418,3
0.09050883,-0.18425708,4
-0.8507525,0.36850148,2
0.26054537,-0.040766653,4
0.32848686,0.68473756,1
0.69563997,-0.5445414,2
-0.31865552,-0.58027756,1
-0.72288287,-0.70666486,1
0.3190756,0.13067997,3
0.94276285,0.8810148,3
0.2832327,0.7534262,1
0.9334359,-0.36032584,4
0.36877736,-0.42896298,2
-0.33159605,-0.8504334,1
-0.27121994,-0.8865276,4
-0.3818816,0.46949285,2
0.63821,-0.96783775,4
0.4513437,0.6121728,1
-0.2662298,-0.36386037,1
-0.7957382,0.58182836,2
0.5486871,0.4813827,1
-0.7476266,0.86661834,4
-0.7741834,-0.82739305,4
-0.5382772,0.82739145,2
-0.08061931,0.36682633,4
-0.9458254,0.035552982,4
0.5851031,-0.13941978,2
0.44217506,0.28666916,1
-0.3895339,-0.40219888,1
-0.42836714,0.7527604,2
-0.94873923,0.45287693,4
-0.8427424,-0.46493667,1
-0.8824395,0.72353834,4
0.6028985,0.7403697,1
0.99169606,-0.58921856,4
-0.6298739,-0.8721222,1
-0.93723214,0.56811285,4
0.091507144,0.35982135,3
-0.77331907,0.2699831,2
-0.17927925,-0.062033117,4
-0.97235703,-0.9206477,4
0.46987244,0.019401276,3
0.10651873,0.28690985,3
0.7050615,0.47885734,1
-0.32661334,-0.35045165,1
-0.64553744,0.82115406,2
-0.4639028,-0.12672995,1
0.7288849,0.8461566,3
0.5935852,0.66578203,1
-0.8370249,0.32998893,2
-0.35785788,0.8266147,2
-0.444066,-0.5899404,1
-0.15519372,0.54767597,2
0.72382,-0.1522094,4
0.2784836,-0.1352675,4
0.9712139,0.89176637,3
-0.39963666,-0.96961427,4
0.448226,0.07534747,3
0.06464722,0.4716909,3
0.57952577,0.9566241,3
0.8725623,-0.049356982,4
-0.8647193,0.5449096,2
0.15308332,0.5633343,1
0.3595918,0.9568045,3
0.7487409,-0.70633703,2
0.980218,0.70618916,3
0.4203462,-0.0199461,4
0.8940833,0.9563301,3
0.08641613,0.75872856,3
-0.14373487,-0.95138425,4
0.27753603,0.31463948,1
0.59586453,-0.3287381,2
0.11284907,-0.39873612,4
0.4403617,-0.8573407,2
0.79531616,0.08302749,3
-0.24923486,0.45786035,2
0.87434214,0.009209485,3
0.25306338,-0.016967613,4
-0.6611822,0.7457565,2
-0.30280656,0.98153245,4
0.9805799,-0.22848839,4
-0.81705743,0.51658535,2
0.40774524,-0.41205633,2
-0.03709755,0.6993778,4
0.58932656,0.49653864,1
-0.43420124,0.73770607,2
0.8769935,-0.03440587,4
0.6792224,0.7891456,1
0.07679193,0.13823636,3
0.38899067,0.23403738,1
0.3330913,-0.07394456,4
0.09307129,-0.34258497,4
-0.6610204,-0.9121646,4
-0.30879644,-0.43467605,1
-0.29821822,0.71043074,2
-0.5029437,-0.34018773,1
-0.83067185,-0.41107747,1
-0.2720372,0.35820198,2
-0.13794675,-0.8542382,4
0.3979784,-0.8339243,2
0.65795964,0.73368907,1
-0.026792306,0.49974355,4
0.44193268,0.43479538,1
-0.75594705,0.6027825,2
-0.9421535,-0.20183179,4
-0.47276297,-0.68743175,1
-0.5086455,0.35114518,2
-0.46884143,-0.39345124,1
-0.9367899,-0.82572544,4
-0.9986608,0.094335064,4
-0.77258277,0.34766164,2
-0.39157325,0.9205158,4
0.94546324,0.65645725,3
0.44941977,-0.09557381,4
-0.4526604,-0.41417792,1
-0.99651504,-0.833065,4
-0.50799114,-0.65921944,1
0.41693795,0.9806361,3
-0.49556977,0.39395422,2
0.5876654,-0.8713359,2
0.19320816,-0.10575659,4
-0.32253426,0.6686778,2
-0.5576178,0.16210498,2
0.40149206,0.67238647,1
-0.37717023,0.45215034,2
-0.27281874,-0.75268096,1
0.983205,-0.8186326,4
-0.5392412,-0.05363264,4
-0.54270715,-0.09865237,4
0.6076096,-0.46803927,2
0.56410706,0.43547794,1
0.36351067,0.9855579,3
0.07901715,0.8071349,3
-0.87307745,0.6394707,2
0.7186408,-0.14750318,4
0.018240765,0.35686123,3
0.20919126,0.7416674,1
-0.94988894,0.79708415,4
-0.20257692,0.02438396,4
0.31361586,-0.022628937,4
-0.48472717,-0.7283413,1
-0.6716581,0.5781847,2
-0.6762571,0.9022829,4
-0.9499574,-0.2616025,4
-0.36146742,0.36319882,2
0.9378117,0.4477773,3
0.6793699,-0.52467483,2
-0.046612862,0.06809104,4
-0.41304508,0.46149796,2
-0.6015902,-0.9995337,4
-0.684125,0.9407676,4
-0.9088398,-0.93452275,4
-0.06119285,-0.9966292,4
0.54250455,0.7737507,1
-0.81322354,0.37327534,2
-0.48851883,-0.661284,1
0.8021903,0.62027127,1
-0.39583737,-0.9805504,4
0.59582394,0.40116286,1
0.42513236,0.18039589,1
0.9758842,0.78969246,3
0.19911662,-0.68393046,2
-0.84326786,0.8974052,4
-0.24898297,-0.7873218,1
0.2567984,-0.8072571,2
0.2657914,0.4049273,1
0.05967758,-0.80676764,4
-0.65466714,0.13510126,2
-0.66065747,-0.46428782,1
0.53770304,-0.8671603,2
0.33987045,-0.17788039,2
0.7347741,-0.29214126,2
0.25202808,-0.9065616,4
-0.38245773,0.8841932,4
0.3435143,-0.698015,2
-0.32592574,-0.39663586,1
0.77661365,-0.26771018,2
0.22325459,-0.6147937,2
0.086465456,-0.036591854,4
0.34820226,-0.7410862,2
0.79510736,0.6705731,1
-0.32356957,0.2631965,2
0.70090574,-0.6683185,2
0.5395243,0.36326104,1
-0.99006265,-0.26581883,4
0.20331706,-0.75633526,2
-0.33465996,0.07050739,4
-0.41975558,0.10991398,2
0.9826047,0.36529255,3
-0.88123465,0.36800972,4
-0.9867684,-0.004846906,4
-0.5895649,0.8499695,2
-0.063870504,0.1419349,4
-0.53657657,0.114684425,2
0.2155875,0.16287613,3
-0.43802792,0.2772959,2
0.2666037,-0.9337743,4
0.16448972,-0.193392,4
-0.06719291,-0.45156705,4
-0.61131555,0.7788763,2
0.20916295,0.37910187,1
-0.70966136,-0.8123555,1
-0.66889495,-0.6875171,1
-0.636967,-0.9168736,4
0.6036898,-0.84064895,2
0.46932998,0.5509616,1
0.15882292,0.17070007,3
-0.24037005,-0.16100241,4
-0.79443944,0.46475744,2
-0.9568835,-0.6979176,4
-0.72205997,0.8714061,4
-0.45408872,-0.7413208,1
0.4867494,-0.72682565,2
-0.9752401,-0.66055924,4
-0.15390226,0.28953552,4
0.80027556,-0.5432881,2
-0.62739956,0.9813357,4
0.4319696,0.1352553,1
-0.15555148,0.14474675,4
0.4780004,0.6183241,1
-0.14041795,-0.28078035,4
-0.93422383,0.8995326,4
-0.853357,-0.1485087,4
-0.15474953,0.6298055,2
-0.04066551,0.23777634,4
-0.6950488,-0.28998697,1
0.8242668,-0.49114674,2
0.4014882,0.3037284,1
0.91432446,-0.37216762,4
0.9864872,-0.009128616,4
0.88404053,-0.46202818,2
-0.3893993,0.83183056,2
-0.8695815,-0.37201545,1
-0.05755018,-0.77701527,4
-0.8679053,-0.025140634,4
0.26105484,0.5983715,1
-0.22831252,0.77929527,2
0.26351374,-0.73141944,2
0.36063236,0.9264276,3
-0.22460692,0.9867752,4
-0.53724444,0.1846025,2
0.8594967,0.19307682,3
-0.447708,0.19753401,2
0.2893829,-0.6876288,2
0.044005323,-0.8697438,4
-0.6127978,-0.03307253,4
-0.70247686,0.5968616,2
0.8211317,-0.48595333,2
-0.17504841,-0.6719059,1
-0.884115,0.9302845,4
0.120287105,-0.07055604,4
-0.64951974,-0.26237717,1
-0.7189026,-0.9645307,4
0.8006507,0.40329084,1
0.9073953,-0.8163517,4
-0.871013,0.4437665,2
0.6395832,0.811142,1
0.1341024,-0.675185,4
-0.86320186,0.92042905,4
0.04081533,-0.8267488,4
-0.70105726,-0.835152,1
-0.15345265,-0.6975595,1
-0.8998638,0.37266466,4
0.3348372,0.6023787,1
-0.47172174,0.85835683,2
0.025075225,0.9565236,3
0.81486684,0.2623896,1
0.5482647,-0.97862536,4
-0.6088334,-0.8841692,1
0.7218211,0.94112957,3
0.8212783,0.84373444,3
-0.057877615,0.8685701,4
0.33960944,-0.49870062,2
-0.5782741,-0.47533754,1
0.55970436,-0.8206133,2
0.26887342,-0.54681844,2
-0.5766599,-0.27894065,1
0.4401054,-0.8870008,2
0.52325135,0.15838416,1
0.19251093,0.49950293,1
0.55979913,0.10881497,1
-0.17965744,0.59794134,2
0.88135046,0.2630545,3
0.18142797,-0.3546803,2
-0.18990839,0.0513694,4
-0.19798645,0.91379625,4
-0.23055229,-0.40708792,1
0.19437851,-0.47263926,2
0.10623789,0.112680554,3
-0.5702389,-0.31509867,1
0.94014436,0.15332574,3
0.97984123,0.5865977,3
-0.6249686,0.114093825,4
0.3732275,-0.6530974,2
0.9710995,0.91676956,3
0.30909964,0.22620597,1
0.50381494,-0.071436055,4
-0.4716403,-0.3753992,1
0.7250084,0.66446894,1
-0.03664968,-0.5450006,4
0.09348847,0.24667853,3
0.47039872,-0.25082242,2
0.25696844,0.116254956,3
-0.20484824,0.64915055,2
-0.55593884,-0.9277039,4
0.32886633,0.2976138,1
0.86454463,-0.6435612,2
-0.31547308,0.56501037,2
-0.28194043,0.20561056,2
-0.84513867,-0.96288705,4
0.47584876,-0.9364801,4
0.7100315,-0.76416147,2
-0.27289522,0.47145528,2
-0.6490221,-0.34265852,1
-0.92905706,0.55153865,4
-0.6448999,-0.11474272,4
-0.7130287,0.95065874,4
-0.7658418,0.77329993,2
-0.6681184,0.13088812,4
-0.9300161,-0.5097581,4
-0.4135607,-0.027735673,4
-0.6982074,-0.91836476,4
0.21670268,-0.20360452,4
0.009591238,0.12645924,3
0.51525426,0.12442713,1
0.27137914,-0.9467909,4
-0.34731725,0.75048685,2
0.2675439,-0.27123192,2
-0.6034957,0.041799866,4
0.4640548,0.044732925,3
-0.9558338,0.76924765,4
0.42676213,-0.60030776,2
0.06873004,0.22722049,3
0.602312,0.21228284,1
0.79028267,0.9191907,3
-0.25310978,0.8986806,4
-0.236922,0.6655144,2
0.59221166,-0.8904926,4
0.50786495,-0.36745492,2
0.8088752,0.4449655,1
-0.27918965,0.48722276,2
-0.6395941,-0.6466603,1
0.15487874,0.6488779,1
-0.06298811,-0.53316796,4
-0.003516427,0.4400708,4
-0.6837169,0.24002741,2
0.74967843,-0.16913836,4
-0.7812341,-0.56988883,1
-0.6078911,-0.57401246,1
-0.49045283,0.69429207,2
-0.11859989,0.36199927,4
0.44268742,0.37870917,1
-0.032393526,0.8614894,4
0.053543944,-0.56556857,4
-0.29319495,0.33412033,2
-0.22527151,-0.6800146,1
0.07286581,-0.8807586,4
0.88464755,0.7361759,3
-0.3711145,-0.7675405,1
0.4932761,-0.91220886,4
0.34672552,0.80860704,1
0.42801833,0.67811334,1
0.35254616,0.32613093,1
-0.3967866,0.81598276,2
-0.37181574,0.15299985,2
0.24004544,-0.7485072,2
0.51267284,0.4718108,1
0.64932203,-0.3447802,2
0.2251557,0.22184959,1
0.19778699,0.2172212,3
-0.43009806,-0.66156,1
-0.45066243,-0.13413705,1
0.48607996,0.274995,1
-0.69428104,-0.90713507,4
-0.8305982,0.5607598,2
0.7669708,-0.080217615,4
-0.8802962,-0.022684064,4
-0.30989313,0.15246825,2
-0.3420197,-0.17050643,1
-0.3547926,0.7438899,2
0.20834284,-0.2585831,2
-0.14868818,-0.1779976,4
0.95482886,-0.5740142,4
-0.7798016,0.7382074,2
0.3599366,0.9561754,3
-0.2556567,0.35325634,2
-0.52878207,-0.7908878,1
0.3360538,-0.2987165,2
-0.055788532,0.35896638,4
0.75797206,0.15898292,3
-0.72554564,0.5622725,2
0.38085246,0.29577205,1
0.85826117,-0.6906233,4
0.16271453,-0.30788794,2
0.19141412,0.3082787,1
0.4641798,0.18698351,1
-0.23314016,-0.7777792,1
0.09800242,0.25184408,3
0.04696292,0.09995165,3
-0.6434933,0.487223,2
0.2628182,0.91767055,3
-0.3311512,-0.40056476,1
0.73257685,-0.70576215,2
-0.9892787,0.6387266,4
-0.10730337,0.14631248,4
-0.77767587,0.76648825,2
0.3004757,-0.18234059,2
0.9861272,0.36800906,3
0.4931873,0.046943597,3
0.37415418,0.93856,3
-0.22141841,0.030909395,4
-0.40478066,-0.15556489,1
0.7834771,-0.20508073,4
-0.1442474,-0.20310032,4
-0.0983848,-0.89959466,4
0.09355134,-0.32417333,4
0.6589054,-0.8011345,2
-0.24799947,-0.79887164,1
-0.5463577,-0.11538694,1
0.7330056,0.87391907,3
-0.8687726,-0.4964323,1
-0.7999142,0.59567446,2
-0.58261716,0.8429536,2
-0.0012205497,-0.5775221,4
0.3607971,-0.84315133,2
-0.8802858,-0.97722405,4
-0.37440467,-0.024894038,4
0.8504,0.5808902,1
0.7259813,-0.20175116,2
0.04500521,-0.87513727,4
-0.8901511,0.298517,4
0.2870788,0.55604076,1
0.37511766,0.22732,1
-0.3716149,-0.9808689,4
-0.15800446,0.8719329,4
-0.94227886,-0.32471162,4
-0.7936705,0.6093465,2
0.8867892,0.42712358,1
0.06365497,-0.12723704,4
0.8359,-0.30664796,2
-0.27949113,-0.32369462,1
0.7604865,-0.057874564,4
-0.10097509,0.73608893,4
0.680109,0.3659213,1
-0.30721828,0.18087803,2
-0.9451613,0.81719196,4
0.4463288,0.8631328,1
-0.90039396,0.92280287,4
0.10776677,0.3613267,3
0.33530673,-0.8433826,2
0.043213785,0.9069944,3
0.54616004,0.5734156,1
0.30394065,-0.32495275,2
-0.15398397,0.89365906,4
-0.09858823,-0.8565272,4
-0.34798616,0.67744654,2
0.7724224,-0.44138867,2
-0.9778055,0.43732864,4
-0.19402526,-0.06521754,4
-0.96562487,-0.28651878,4
0.55548894,0.47211045,1
0.6667952,0.37106398,1
-0.92560107,-0.20602192,4
0.9867483,0.67841905,3
0.6901349,0.98561406,3
0.36161536,0.08609227,3
0.47094837,-0.94210064,4
-0.1225803,-0.94951165,4
-0.35801148,-0.8344454,1
-0.8167742,-0.26770094,1
-0.7285086,-0.32355085,1
0.5754086,-0.051328186,4
-0.82510304,-0.9811484,4
-0.70597833,0.3694139,2
0.17416236,0.12601702,3
0.72419655,-0.37864396,2
-0.3985076,-0.74741215,1
0.4787085,-0.29867333,2
-0.74883884,0.95486057,4
-0.81645256,0.8970171,4
-0.13994704,0.107049525,4
0.1965347,-0.7236546,2
0.6370026,0.9682579,3
-0.5402689,0.7297544,2
0.36296904,0.5199431,1
0.21958382,-0.46379057,2
0.1485288,0.5612423,1
-0.5555375,0.47248617,2
-0.93787044,0.37960175,4
-0.57256085,-0.4033295,1
0.53199667,-0.79326713,2
-0.71713084,0.010618314,4
-0.32346103,-0.8750066,4
0.8285326,-0.85754776,4
-0.4674469,0.60687345,2
-0.30919987,-0.6110006,1
-0.47252133,0.4503426,2
-0.62150955,0.3194039,2
0.48141026,-0.48460877,2
-0.4582129,0.06497442,4
0.9265244,-0.6278198,4
-0.3342105,0.0066571003,4
-0.40396628,0.7387891,2
0.043972425,0.4203494,3
0.56173307,0.41663113,1
-0.9649658,-0.6483982,4
0.68865573,-0.67581683,2
-0.6726853,0.6650801,2
-0.1726892,0.18475449,4
0.21816915,-0.049509596,4
0.47842613,-0.5584015,2
-0.23861426,0.76549625,2
-0.45792544,0.05374812,4
0.043938413,0.55748576,3
0.20251344,-0.031464964,4
0.82407033,-0.47012484,2
-0.99797875,-0.72817063,4
-0.7040957,0.7049628,2
-0.27853113,-0.7153832,1
0.84148234,-0.51582444,2
-0.18768564,-0.7953943,4
-0.7106618,0.11787855,4
0.81416523,0.2841368,1
-0.58059126,0.6707461,2
-0.5559966,-0.009253632,4
-0.76270354,-0.69497865,1
0.8576237,-0.8856909,4
0.8865946,-0.9971812,4
-0.03921369,-0.6352309,4
0.97619265,-0.7900472,4
0.5870408,-0.35295764,2
-0.42981866,-0.6923974,1
-0.13887128,-0.09524685,4
0.121179834,0.30445445,3
0.13132791,0.19204608,3
0.22361115,-0.30921367,2
-0.5189477,-0.53720856,1
-0.7783452,0.007291937,4
0.019476267,-0.5409181,4
-0.5726911,0.3552669,2
0.90290415,0.035994776,3
0.9871968,-0.18889098,4
0.35305938,-0.7228264,2
0.28245613,0.5069125,1
-0.18457943,0.83586025,4
0.15425347,2.6382486E-4,3
-0.15981442,0.07858706,4
-0.78183305,-0.5198248,1
-0.7296033,-0.18618359,1
-0.93611366,0.34242028,4
0.88621384,-0.34460637,4
0.23238075,0.71636397,1
-0.21872401,0.4007574,2
0.5208881,-0.3632933,2
-0.5634561,0.19642866,2
0.38678315,-0.27260795,2
0.70897,0.7183794,1
0.004585023,-0.4987458,4
0.766795,-0.8875417,4
0.87606704,-0.32219014,4
0.38022336,-0.97986925,4
-0.19836424,0.28292778,2
0.915684,-0.34263337,4
0.49184805,0.7179369,1
0.8838339,-0.3804107,4
0.13114029,-0.527938,2
-0.04408314,-0.14682402,4
0.80154455,-0.29909536,2
-0.009957178,0.06407872,4
0.83237076,-0.4949858,2
-0.20159514,0.72671264,2
0.86253744,-0.58357686,2
-0.86159414,0.81133676,4
-0.31456348,0.3373476,2
-0.27488127,-0.63426954,1
-0.2080807,0.9740837,4
0.9394581,-0.83295256,4
-0.06480313,0.6704567,4
-0.65410703,0.80230534,2
0.0121479295,-0.5309899,4
0.1354858,-0.25894943,4
0.08873302,0.21444759,3
-0.8255073,-0.76868784,4
0.4929152,-0.4373288,2
0.46571675,0.1800399,1
-0.4433081,-0.1299144,1
-0.48074406,-0.42820218,1
-0.19045562,0.11166689,4
0.38124245,-0.5654365,2
0.20881529,-0.78737694,4
0.88362336,0.87906176,3
-0.6617718,-0.52269953,1
-0.9450163,0.31813815,4
0.41396496,-0.8396808,2
-0.4281314,-0.3847424,1
-0.59157956,-0.35125077,1
0.6320131,0.61629057,1
0.6349583,0.2104649,1
0.6953406,-0.713673,2
-0.26730716,-0.18735322,1
-0.8344537,-0.49666226,1
0.14852571,-0.87427497,4
-0.7254681,-0.54692036,1
-0.06562892,0.50188845,4
-0.81608516,0.52471954,2
0.9607023,-0.5463894,4
0.6322842,-0.37576896,2
0.49326086,-0.043526944,4
-0.66616726,0.90269464,4
-0.512033,-0.23810677,1
-0.22655594,0.039210904,4
0.9297779,0.82919335,3
-0.95473045,-0.5767856,4
-0.92555887,-0.027225528,4
-0.0537185,-0.15144575,4
0.54779327,-0.13101247,2
0.6632425,-0.33821523,2
0.9154591,0.6786226,3
-0.91901606,-0.30031163,4
-0.4434928,-0.28523573,1
-0.008159834,-0.19386905,4
-0.54217666,0.82208955,2
-0.6994627,0.2359277,2
0.8916639,0.43251422,1
0.6957895,0.8334758,1
0.8470569,-0.37658063,2
-0.8006922,0.5164889,2
-0.4435804,0.92851967,4
0.5048803,-0.69975495,2
-0.5080347,-0.86223733,1
-0.9153638,0.8653397,4
0.8021761,0.8714759,3
-0.33344248,-0.49798802,1
0.3168199,0.32530773,1
-0.123242535,-0.843308,4
0.96969336,0.25633547,3
0.591996,0.26149338,1
0.7714772,0.017041635,3
0.8623577,0.04495459,3
-0.68920815,0.24268939,2
0.14096832,0.102410674,3
-0.8302562,0.6589539,2
-0.002918217,-0.8530452,4
-0.38904065,-0.5995036,1
0.49081993,-0.9329734,4
0.42630166,-0.78250504,2
0.9523034,0.68424416,3
0.9331729,-0.0040263003,4
-0.9651377,-0.06482779,4
0.7625054,0.1291019,3
-0.39852968,-0.4067005,1
-0.69675106,-0.54953927,1
0.2554984,0.102575056,3
-0.54863596,-0.32339573,1
-0.8586627,-0.38856858,1
0.6570351,0.6050701,1
-0.98260856,-0.12369831,4
0.1720198,-0.32467788,2
-0.45660058,-0.653786,1
-0.1302458,0.92393625,4
-0.7740095,-0.5548729,1
-0.95596355,0.85166895,4
-0.46916214,0.83624697,2
-0.81218505,-0.7311246,1
0.29672486,-0.7173566,2
0.91180986,0.7970723,3
-0.22370899,-0.38893613,1
-0.11659944,-0.6217302,4
0.38017997,-0.75908023,2
-0.050586835,-0.119976416,4
0.5157632,-0.24200225,2
-0.54785174,-0.317013,1
-0.21143284,0.09252778,4
-0.84381145,0.9990711,4
-0.72601616,0.003817804,4
-0.8257678,-0.4078511,1
0.56879973,-0.221258,2
-0.18660076,-0.44043252,1
0.89652854,-0.6810514,4
-0.640838,0.88156104,4
0.6674885,-0.87826884,4
0.4722532,0.55698436,1
0.58401686,-0.94791484,4
0.09460979,-0.68238395,4
-0.36683175,0.2585503,2
-0.45638865,0.1496074,2
-0.8763041,-0.89698404,4
-0.18042198,0.14948282,4
-0.6989318,-0.44525254,1
0.05969305,-0.39657673,4
0.013725825,0.14146613,3
0.54222065,-0.3976051,2
-0.59426075,-0.744603,1
-0.3219089,-0.007988207,4
0.6754768,0.37977418,1
-0.97737014,-0.9951505,4
0.5668498,0.63137263,1
-0.5015913,0.5342555,2
0.4491518,-0.09278598,4
-0.25909838,0.6825301,2
-0.40653667,-0.121328786,1
-0.23816901,-0.04732138,4
0.56804705,0.0937746,3
-0.029208526,-0.74823433,4
0.5521096,0.52860194,1
-0.99605596,0.73522896,4
-0.19323769,0.07121075,4
-0.2207258,0.44533825,2
-0.4560375,0.6266515,2
-0.26888728,0.6833146,2
-0.0013257477,0.7991766,4
0.27231887,0.10345141,3
-0.36356312,-0.56216097,1
0.19073129,0.6289077,1
0.11798497,-0.27574572,4
-0.092807576,0.4626727,4
0.89451665,0.9363723,3
0.3056581,-0.29647186,2
0.121657826,-0.46030852,2
-0.8083959,-0.62433773,1
0.957127,-0.16258167,4
0.34314772,0.0419202,3
0.24655397,-0.94634145,4
0.590003,0.59449977,1
0.10386309,0.42880136,3
-0.6114075,-0.6967666,1
-0.04291874,0.67383915,4
0.9573418,-0.24957739,4
-0.7426127,0.96043915,4
-0.80561423,-0.10747911,4
-0.7613315,-0.48383367,1
0.32061815,-0.83721197,2
-0.1331916,0.8493314,4
-0.5257795,0.26536813,2
-0.5676228,-0.35448343,1
-0.671492,-0.88992923,4
-0.8826454,0.45791274,2
-0.78686553,0.19846329,4
-0.69403607,-0.5438257,1
0.18940082,-0.30428997,2
0.41165265,-0.2964177,2
-0.93638533,0.40892324,4
0.5567048,0.6998794,1
0.41815197,-0.058382932,4
-0.43207365,0.25722206,2
0.39807475,-0.5948138,2
-0.55870426,0.16927046,2
-0.78813756,-0.7578435,1
-0.31957373,0.5885177,2
-0.91198397,0.95228505,4
-0.27186024,-0.45546442,1
0.7749999,0.8114141,3
0.08740336,-0.3841067,4
0.5801863,0.034312222,3
0.6673354,-0.5889157,2
-0.5858269,-0.7434372,1
-0.6080607,-0.7811272,1
-0.65995234,-0.30310982,1
0.1736767,-0.043948147,4
-0.27712834,0.9101399,4
0.98094535,0.37068075,3
0.23286702,-0.3475412,2
-0.08202063,-0.6485505,4
-0.32351544,0.05404826,4
-0.01235678,0.14889501,4
-0.087259494,0.031192807,4
-0.47795597,-0.66822743,1
0.9579095,0.6680931,3
-0.8571608,-0.61803657,1
0.7898655,0.16036168,3
-0.44742996,-0.026121026,4
-0.6659348,-0.1641322,1
-0.5396946,-0.81060255,1
0.64637184,0.7549444,1
-0.49066833,0.186951,2
0.4036199,-0.55919915,2
0.2015794,-0.8265451,4
-0.52897465,0.40231115,2
-0.49707037,0.9203524,4
0.53624797,-0.71482396,2
-0.9345043,0.5201245,4
-0.41688403,-0.27621406,1
0.81743056,0.59719336,1
-0.6762727,-0.73506063,1
0.047761064,-0.2327751,4
-0.38415745,-0.9040997,4
-0.94679385,0.78141636,4
0.3631904,0.73310405,1
0.91588604,-0.50257,4
-0.57049215,0.31415296,2
0.045285515,0.5862148,3
-0.30715925,-0.31543306,1
0.74478567,0.7140341,1
-0.4751651,-0.9179138,4
-0.7474677,0.83159703,4
-0.29955214,0.89514846,4
0.45836186,0.15726814,1
-0.97328126,-0.29150742,4
-0.18704009,-0.5410913,1
0.82493293,0.6476689,1
-0.17762102,0.3189809,2
0.8087243,-0.10443646,4
0.96049654,0.21012513,3
-0.12864183,0.17787305,4
0.8339468,0.41349643,1
0.8286447,7.9343264E-4,3
0.9985132,-0.92027247,4
0.2596315,0.47301602,1
-0.047078364,-0.937539,4
-0.7545688,-0.34454957,1
-0.4745731,-0.45302644,1
0.027239852,-0.444077,4
0.12053939,-0.04850834,4
-0.61219245,-0.8775722,1
0.10769101,0.09637716,3
-0.09367677,-0.11266532,4
0.010592266,0.21643928,3
-0.8551181,-0.72371286,4
-0.9045131,0.034207635,4
0.2954021,0.019351639,3
0.4584622,-0.18292198,2
-0.15093203,0.58830667,2
0.7764272,0.10882289,3
0.44607055,-0.8672102,2
0.513323,0.6560344,1
0.2216282,-6.529714E-4,4
-0.43741533,0.9426474,4
-0.31503224,-0.4087407,1
0.058824025,0.7007678,3
-0.5488483,-0.9366533,4
0.40615913,0.7836085,1
0.99134034,-0.85521984,4
0.44756764,0.8664156,1
-0.024720691,-0.75574,4
-0.8609062,0.5838431,2
-0.24949177,0.9157454,4
-0.9053063,0.91731465,4
-0.9640122,0.74925005,4
0.9319551,0.91348743,3
-0.99645424,-0.1999534,4
0.47588205,-0.8549876,2
0.5787467,-0.21905118,2
-0.43261287,-0.28263757,1
-0.98650825,0.41617215,4
0.47508743,-0.91942066,4
-0.43414068,-0.4084029,1
0.7234541,0.42236674,1
-0.53160006,0.23509207,2
-0.4726826,0.99903625,4
-0.72569895,-0.77812266,1
0.9621829,0.4033908,3
-0.85845697,0.023741573,4
0.5017677,0.4737078,1
0.6483671,0.30725065,1
0.6186183,0.31556338,1
0.32908255,0.23491499,1
-0.22937442,0.73831546,2
-0.72255784,0.8346117,4
-0.71429646,-0.699356,1
-0.11448337,0.4763845,2
0.40885532,0.11462219,1
0.069205165,-0.7679266,4
-0.90970176,-0.42462692,4
-0.8227809,-0.30794594,1
0.97027737,0.26344168,3
0.18858062,0.6746939,1
-0.54435307,0.40959305,2
-0.22561835,-0.81203765,4
-0.21474622,-0.48317623,1
-0.6672504,-0.01104188,4
-0.4543901,0.0019517929,4
0.20167193,-0.8640533,4
-0.77470696,0.0492297,4
0.9125329,0.038827658,3
-0.9140303,0.26100218,4
-0.43208012,-0.312219,1
0.8798858,0.14550874,3
0.21045896,0.9761693,3
0.7581248,-4.906903E-4,4
0.39514473,0.33259922,1
-0.9091148,-0.6765107,4
0.08582831,0.23837706,3
-0.13951609,0.54977846,2
-0.5327642,-0.36958212,1
0.78974295,0.5689966,1
-0.7029119,-0.3240017,1
-0.5671274,0.30781585,2
0.018598652,-0.0454303,4
0.08291475,0.4411098,3
-0.9881715,0.69317764,4
-0.46073455,-0.7858651,1
-0.91692036,0.37586075,4
0.53074723,0.3054707,1
-0.4252864,0.7837307,2
-0.09584422,0.67902076,4
0.3234816,-0.6787364,2
0.56515855,0.45345688,1
0.10365963,-0.6543401,4
-0.40212464,0.96006507,4
-0.8380177,-0.8600405,4
-0.008574431,-0.6349685,4
-0.015427503,-0.8430742,4
-0.033822734,0.49978384,4
-0.46823058,-0.7904586,1
0.019390134,0.8730822,3
-0.16504268,0.3952852,2
-0.5006066,0.23113099,2
0.07020316,0.7151904,3
-0.23060355,0.4870623,2
0.0067129782,0.5850092,3
-0.16351974,0.3587194,2
0.07382023,0.73463917,3
0.6982728,0.63374543,1
-0.80157673,0.35329437,2
0.5992643,-0.3764368,2
0.035490688,-0.23826729,4
0.89066947,-0.9270923,4
0.24745788,-0.6208225,2
-0.7477993,-0.4408476,1
0.084040835,-0.69859844,4
-0.33893457,-0.75425154,1
0.6721953,-0.58223104,2
0.6829566,0.7466733,1
0.14665462,0.6688577,1
-0.58824307,-0.1861363,1
0.034680463,-0.21738471,4
-0.30086768,0.5771872,2
0.1543655,0.625827,1
0.19213991,-0.8534174,4
0.6940293,-0.8309956,2
0.13643342,0.528579,1
-0.8890482,-0.013369553,4
0.90459836,-0.98551834,4
-0.9791072,0.20102544,4
0.773604,-0.5349106,2
0.34554777,-0.17307414,2
-0.3976877,0.24688795,2
0.64329374,-0.41480362,2
0.7494367,-0.03275809,4
0.76928335,0.42792407,1
-0.17570303,-0.38881636,1
-0.20585321,-0.746529,1
-0.32283044,-0.80002105,1
0.45626426,0.5888905,1
0.41298568,-0.32827455,2
-0.6692229,0.37843907,2
0.15158305,0.3268173,1
-0.6307944,-0.5592539,1
0.7596695,-0.11380955,4
0.4967473,0.6435302,1
0.8441104,0.9778373,3
0.5500313,-0.6064214,2
-0.07689434,-0.30283874,4
-0.0036927422,-0.34896362,4
0.8812725,-0.22068286,4
-0.40424794,-0.64912194,1
0.5666076,0.87676287,1
0.45177823,-0.14923646,2
0.70175064,0.4528256,1
0.7399338,-0.17669174,4
-0.8410714,0.8821639,4
0.81418383,0.87212557,3
-0.9125903,-0.5084152,4
0.36006942,0.07482676,3
0.38425228,-0.5202456,2
-0.2025591,-0.35750628,1
0.5635839,-0.07808362,4
-0.76883316,-0.066033915,4
0.20660186,-0.60418665,2
-0.09357755,-0.82538706,4
-0.13606241,0.15758283,4
-0.6541352,-0.59691143,1
0.53398085,0.25147727,1
0.12920482,-0.59410197,2
0.6552139,-0.54516274,2
-0.37861025,-0.3015726,1
0.9275574,-0.4601764,4
-0.13618773,-0.027577374,4
0.21718368,-0.024006892,4
-0.68633384,-0.14627379,1
-0.698794,0.90288055,4
-0.85022897,-0.6995873,4
0.2731067,-0.030672546,4
0.45889243,-0.47971046,2
0.056716897,0.46637654,3
0.7747854,0.89805764,3
0.6660186,-0.9268707,4
-0.83710486,-0.9037424,4
0.5999879,0.4900409,1
0.3268483,0.23045085,1
-0.92384464,-0.7482936,4
0.05857444,0.8179167,3
-0.31649014,0.09126936,4
0.7620991,0.060473293,3
0.47482753,-0.6288379,2
0.75175226,0.94585806,3
-0.47954172,-0.7000342,1
0.558741,0.6384316,1
0.51005787,-0.07724464,4
-0.4242634,-0.3212016,1
0.11570445,-0.7976263,4
-0.9726697,-0.37673664,4
-0.48070642,0.9016566,4
0.47491446,-0.07212624,4
0.75905734,-0.5682909,2
0.8477504,-0.8818772,4
0.36450666,0.34891102,1
-0.66231513,0.5842195,2
0.12605019,0.76340795,3
0.40318286,-0.2968416,2
-0.21500583,-0.43557727,1
0.5990458,0.41264904,1
0.9315829,-0.92720026,4
0.9813879,-0.15170434,4
-0.53680867,-0.50122803,1
-0.56685317,-0.7957566,1
-0.41826606,-0.5869787,1
0.41360718,-0.41116297,2
-0.50119025,-0.66832244,1
-0.6438802,-0.67933494,1
-0.23094726,-0.5290183,1
-0.7785991,-0.15330799,4
-0.5133866,0.7449176,2
-0.4404992,-0.73699284,1
-0.5433524,0.15919131,2
-0.15826772,-0.7199507,4
0.89314485,-0.10247955,4
0.7945549,-0.6020081,2
-0.80362177,-0.39873192,1
6.112258E-4,-0.9556958,4
0.9277139,-0.38896075,4
-0.8721827,0.4743297,2
0.22646889,-0.73106724,2
-0.19438957,0.3470529,2
0.60296184,0.7727209,1
-0.6118378,0.062052324,4
-0.70614845,-0.47169387,1
0.62756586,0.17996724,1
0.18031316,0.4643843,1
0.625713,0.5476319,1
-0.35344568,0.35332,2
0.34177428,-0.8896386,4
-0.30437276,0.8248182,2
0.40290552,0.8176987,1
0.14144501,-0.5359443,2
-9.994867E-4,-0.48473632,4
0.7603634,-0.8464876,4
-0.76198274,0.26416993,2
0.9126448,0.64782125,3
-0.5033935,-0.85919434,1
0.33357024,0.26353443,1
-0.9785254,0.24360214,4
0.5459226,-0.4792197,2
0.32011542,-0.63025904,2
-0.33998635,0.59136426,2
-0.27474877,0.6235801,2
0.20438372,0.48794574,1
-0.07447789,0.079907,4
0.06975397,0.07149941,3
-0.7743302,-0.45104608,1
0.6507647,-0.84065026,2
0.8326638,-0.5235591,2
-0.16551301,0.2836432,2
-0.44008076,-0.9392626,4
0.6116474,0.98020303,3
-3.7454352E-5,-0.21943648,4
0.7759591,-0.11971177,4
-0.5633997,-0.29952002,1
-0.57109547,-0.66714376,1
0.5508524,0.15774246,1
-0.17822923,0.8025086,4
-0.67938733,-0.2670747,1
-0.55631155,0.86837506,2
0.42220345,0.76804847,1
-0.79611987,-0.7082286,1
-0.08730589,-0.8802326,4
0.05827763,0.3255426,3
-0.9949445,0.321516,4
-0.504881,0.2055827,2
-0.6560732,0.87731916,4
-0.07890912,-0.40489945,4
-0.6520261,0.021321371,4
0.17903422,-0.35522243,2
0.90552086,0.95090353,3
0.18018378,0.28704277,1
-0.0066599627,-0.722409,4
0.948367,-0.59973073,4
-0.3658105,0.23878141,2
0.2505386,-0.44122785,2
-0.9831114,-0.92534846,4
-0.57251805,-0.7729317,1
0.5734271,0.8984278,3
0.04046104,-0.5380647,4
-0.6591953,-0.62546444,1
-0.48594075,-0.5466152,1
0.031003026,-0.43203065,4
-0.9176043,0.5657456,4
0.8906927,-0.560446,2
-0.9646385,0.9326261,4
-0.34701595,0.63559556,2
-0.48652712,-0.88539124,1
-0.33326975,0.45674884,2
-0.08561091,-0.15389732,4
-0.36540237,-0.8102442,1
0.3510997,-0.522138,2
0.29931864,0.34703815,1
0.5412346,-0.63574576,2
-0.11175204,-0.21704476,4
-0.9910928,0.14944038,4
-0.8404567,-0.85813415,4
0.5449512,0.6742091,1
0.48899847,-0.35803813,2
0.49836695,0.05528222,3
-0.405244,-0.18983112,1
0.6612451,0.38148925,1
-0.7821675,-0.54276294,1
-0.7386116,0.4262864,2
-0.6404081,-0.08152542,4
0.8913066,-0.2063275,4
0.5230044,-0.61559755,2
-0.92078906,-0.0053662932,4
0.8127334,0.006939879,3
0.64709044,0.09382637,3
0.71979445,0.39055502,1
-0.9970984,-0.22871464,4
0.94973403,-0.9358541,4
-0.9216401,-0.088475846,4
0.74897945,-0.421756,2
-0.2492275,0.16247015,4
0.8422135,-0.016540214,4
0.2768051,0.29925683,1
0.31433123,0.61992073,1
-0.48197076,-0.31702602,1
0.55373853,0.383776,1
0.5525496,0.6220528,1
-0.28054312,0.935675,4
0.6439633,-0.9759567,4
0.10269974,0.6774508,3
-0.521643,-0.6318818,1
0.2242912,-0.2529297,2
-0.9179991,0.7337154,4
-0.45750147,-0.23175922,1
0.8968503,0.38831046,3
0.24155581,-0.36011088,2
-0.88207895,-0.73261225,4
-0.27064386,-0.7379405,1
0.5860561,-0.42774323,2
-0.8065037,0.7686035,4
0.28155458,0.66643953,1
-0.15194292,-0.4266365,1
-0.22141258,-0.5310686,1
-0.65079004,-0.66461986,1
-0.102722295,-0.3772827,4
0.2659395,-0.19001928,2
0.22977547,-0.14049731,4
0.46287745,0.47643533,1
-0.78138864,0.1866968,4
-0.2145543,-0.18080564,4
-0.9699348,0.79026365,4
0.53320944,0.18855023,1
-0.40775988,0.87713504,2
0.8655439,-0.72210675,4
-0.14301482,-0.92654234,4
0.50442237,-0.57143974,2
-0.4032379,-0.5499766,1
0.88233536,-0.7903971,4
-0.13799395,-0.23618737,4
-0.7709455,0.018630238,4
0.601483,-0.91534483,4
-8.4210857E-4,-0.18879156,4
-0.11240168,0.61859506,4
-0.4870644,0.49012873,2
0.69056666,0.24461994,1
0.7164996,0.9721827,3
0.20980349,0.048997678,3
0.56262225,0.4989127,1
-0.60214555,0.97153723,4
0.6720341,0.36913148,1
0.5016299,-0.4293277,2
0.6556115,0.9448365,3
0.19766605,0.8693418,3
0.76109064,0.5184688,1
-0.78741324,0.2612208,2
0.35364547,-0.5717031,2
0.1968942,0.5369333,1
-0.8521286,0.6700346,2
0.059667848,-0.76754373,4
-0.9205808,-0.8233737,4
0.97370625,0.7070026,3
0.23772767,-0.07553277,4
-0.17490166,0.62524796,2
0.37700424,0.073147535,3
-0.991836,-0.15115266,4
0.18080935,0.45714334,1
0.1561567,0.13476068,3
-0.3236993,0.9217019,4
0.6500755,-0.50701034,2
0.9773977,0.23149762,3
0.56238407,0.5739031,1
0.8818299,0.5794641,1
-0.93060935,-0.96459264,4
-0.2447642,-0.915465,4
0.30549398,0.4827961,1
0.60618085,0.09085465,3
-0.8655467,0.27919263,4
0.28916886,0.5673477,1
-0.6227048,0.29207432,2
-0.6315783,0.45536464,2
0.6634219,0.47144958,1
0.33340597,0.42344964,1
-0.73906124,-0.9521671,4
-0.42220974,-0.837897,1
0.9941724,-0.90675616,4
0.83671665,-0.9122593,4
0.6708038,-0.7939671,2
0.62297535,-0.8761192,2
0.31799412,0.16041586,1
-0.38912517,0.08891365,4
-0.03366722,-0.49582392,4
-0.11269941,0.1436437,4
-0.27760702,0.2930717,2
0.5226618,0.7381153,1
0.43512985,0.41806433,1
-0.98987484,-0.45393422,4
0.388313,-0.6884374,2
-0.22025828,-0.013324127,4
-0.8593657,-0.7885472,4
-0.7852279,-0.8928835,4
0.88708955,0.61676633,3
-0.6192785,0.83571756,2
0.5296814,0.08641257,3
0.023297608,-0.08558532,4
0.02244672,-0.88751686,4
0.2997076,-0.819544,2
0.4952641,-0.55778724,2
0.178414,-0.7088197,2
-0.8371496,0.927758,4
0.47567272,-0.527994,2
-0.9101932,0.7505362,4
0.09287793,0.41659766,3
0.50953144,-0.3030578,2
-0.8230557,0.07950562,4
0.5842645,0.054840513,3
-0.3533426,-0.22459741,1
0.24548908,0.6553074,1
-0.18887201,-0.26463118,1
0.06835988,-0.39832285,4
-0.34781078,0.069505066,4
0.010789305,0.30802268,3
-0.24922277,0.9464819,4
0.28727016,-0.38821918,2
-0.19195978,0.7244611,2
0.649469,-0.06969058,4
0.24512382,0.75415355,1
0.91007715,0.6987422,3
0.46128377,0.6236054,1
0.6733592,-0.34341496,2
-0.011820664,-0.27436662,4
0.925292,-0.05692402,4
-0.0010947925,0.2026578,4
0.38814017,0.41640845,1
0.4135217,0.5600095,1
-0.641232,0.12949681,2
0.18854731,0.53761584,1
-0.87306035,-0.5249603,1
-0.7139212,0.1912988,2
0.009313366,0.15521617,3
0.28891003,-0.44125423,2
-0.46321157,-0.16357315,1
-0.33877867,-0.22845757,1
0.39731684,-0.8829285,2
-0.7498847,0.023485092,4
-0.6367557,0.2664312,2
-0.21852165,-0.5832821,1
-0.37830138,-0.9146981,4
-0.17564973,0.38106823,2
-0.3215026,-0.80589455,1
-0.018813485,-0.9017181,4
0.3204984,0.07178061,3
0.9071019,0.16168875,3
0.99827015,0.24883509,3
-0.8306126,-0.43684497,1
0.43041444,-0.79948086,2
0.9292943,0.023010137,3
-0.7671772,-0.30884293,1
-0.038716435,-0.3350388,4
0.94060475,0.58825356,3
-0.37935817,-0.91316265,4
-0.08262174,0.49506763,4
0.028567012,0.9893352,3
0.3360636,0.9429269,3
-0.035468694,0.6987626,4
-0.33272105,0.33963194,2
-0.26106775,-0.8438908,4
0.92588574,0.387879,3
0.66474396,0.24359664,1
0.30318648,-0.7322923,2
0.65508646,-0.31880745,2
0.75173086,0.5195575,1
-0.055668436,-0.8506008,4
-0.40836138,-0.7304039,1
-0.036430955,0.7809556,4
-0.7281991,0.20656095,2
-0.0030420301,-0.2870795,4
-0.95372486,0.5494312,4
0.40369338,0.0019316147,3
-0.48435804,0.13782871,2
-0.08898091,-0.12073441,4
-0.26495555,-0.26787794,1
-0.23307689,0.058648024,4
-0.094915226,-0.3722124,4
-0.61314654,-0.39140368,1
-0.46129477,-0.23134187,1
0.5369956,-0.23759946,2
-0.5633654,-0.31373045,1
0.06735676,0.9626805,3
-0.19406661,-0.20240788,4
0.74110466,0.42378175,1
0.4206243,0.8610127,1
-0.19768871,0.54410315,2
-0.14965114,-0.27948815,4
-0.41754416,0.6117773,2
-0.5275577,0.86055726,2
-0.33325556,-0.5790493,1
0.2347734,0.7493139,1
-0.07549419,0.652242,4
-0.048851423,-0.5346503,4
0.053627666,0.16978185,3
0.2880324,-0.3169086,2
0.197199,0.7485681,1
-0.4592095,0.7348676,2
0.6612289,-0.8303031,2
-0.2003869,-0.82755125,4
0.7955139,-0.8926411,4
-0.8302685,-0.98142254,4
-0.30456936,0.7803181,2
-0.6625081,0.72905564,2
0.5406314,0.9519188,3
-0.036694843,-0.2214624,4
0.107326634,0.53649354,1
0.13444312,-0.26174757,4
-0.72596246,-0.19362548,1
-0.5748934,0.7314598,2
-0.8135909,0.9925377,4
0.98814136,0.23252037,3
-0.84512657,0.93323773,4
0.5422342,-0.68195945,2
0.3296593,0.34881994,1
0.12037082,-0.3163718,4
-0.26915517,-0.6927771,1
0.009794411,-0.9926237,4
0.30685425,0.49351472,1
0.44065315,0.5712679,1
0.35300365,-0.9918674,4
0.26998097,-0.5557265,2
-0.15759873,-0.4076751,1
-0.8403931,-0.014007354,4
0.00471425,-0.58437777,4
0.56104267,-0.052733384,4
-0.16598625,0.8589917,4
-0.80264896,-0.97573125,4
-0.88488364,0.08865813,4
0.67145056,0.36515746,1
0.02853996,-0.36059704,4
0.33226472,0.23345408,1
0.42739812,0.7124795,1
-0.40542156,-0.20011364,1
-0.524742,-0.5578874,1
0.53541595,-0.13548361,2
0.4921909,0.995878,3
-0.22079168,0.20354998,4
0.5769486,0.04808384,3
0.43597215,0.19030285,1
-0.14360145,-0.09839211,4
0.17117335,0.3573763,1
-0.9409408,-0.66753167,4
0.36290392,-0.35282588,2
0.51777405,0.092737585,3
-0.25854865,0.24047036,2
0.6772713,0.9312341,3
-0.091704056,-0.94218504,4
-0.28444445,-0.022243211,4
-0.30397916,0.29614347,2
-0.016216848,0.38545448,4
0.45757654,0.69303447,1
-0.3725255,0.23725054,2
-0.937208,0.60363704,4
0.97262126,0.896071,3
-0.36802152,-0.5696324,1
-0.95655185,0.21495365,4
0.85092604,-0.53694475,2
-0.075707264,0.32194188,4
-0.91145575,-0.2327087,4
-0.41373017,0.055997003,4
0.47785395,-0.5986823,2
-0.7299095,-0.44601044,1
-0.37701282,0.9468673,4
-0.45039225,0.97515905,4
0.6593085,-0.8930545,4
-0.2036351,0.89825934,4
0.020721829,0.9536241,3
0.9236266,0.5379348,3
-0.5423189,0.3014922,2
-0.990927,-0.39929858,4
0.60137606,0.6374908,1
-0.32145622,0.33723402,2
0.6840168,-0.9445664,4
-0.02108057,0.14648926,4
0.90209633,-0.27640477,4
-0.12356795,-0.051477093,4
0.34895885,-0.44367278,2
-0.51260024,-0.53331333,1
-0.55503964,0.9657384,4
0.68158245,-0.45378044,2
-0.64204365,0.83705556,2
0.7940604,-0.31492448,2
0.03380779,-0.79864097,4
-0.16026117,0.0641576,4
-0.85395265,-0.5280358,1
0.8452864,-0.46204215,2
-0.4741968,0.5657992,2
-0.3034827,0.2829292,2
-0.55247104,-0.25129187,1
0.24493031,0.09974363,3
0.5230423,-0.37631577,2
0.32532227,0.7269208,1
-0.10417179,-0.6763809,4
0.807094,0.94713694,3
0.929515,0.67522985,3
0.8350727,0.7538536,3
-0.3511145,0.868405,2
0.011376592,-0.60526603,4
0.81873745,-0.0047119926,4
0.42804986,-0.28035867,2
-0.26463714,0.7159955,2
0.18090102,-0.06515598,4
-0.4426348,0.26294494,2
-0.7218202,-0.398622,1
-0.68300927,0.0133455545,4
0.70343053,-0.48565304,2
0.63010055,0.93948317,3
-0.1999366,0.9612681,4
-0.4376361,0.38900915,2
0.11588936,0.7813993,3
0.11120644,0.8525204,3
-0.6209351,0.6343118,2
-0.67249906,0.6432965,2
-0.62740123,-0.06519881,4
-0.77206093,-0.2558623,1
0.13277379,0.02255678,3
-0.6615214,-0.53117394,1
0.11754157,0.30883732,3
-0.038788218,0.04080917,4
-0.22584988,-0.6212689,1
0.07145368,-0.29071462,4
0.28096738,-0.6735963,2
-0.8711963,0.60294646,2
0.14666785,-0.037932497,4
-0.97461456,0.16421205,4
-0.17934868,0.95323324,4
0.89642364,0.7118693,3
0.501767,0.44913316,1
-0.4172297,-0.55239266,1
-0.071881644,0.2860327,4
0.1619441,-0.94798404,4
-0.9110717,0.48247653,4
0.15370233,0.9081959,3
-0.47985384,-0.59265757,1
-0.24188423,0.9462049,4
-0.8713177,0.7399041,4
0.7985708,0.11914342,3
-0.6641414,0.13993338,2
0.91907674,-0.3982388,4
-0.2611344,-0.5928004,1
-0.97529167,0.94504416,4
0.45972264,-0.16644819,2
0.95596755,-0.3746808,4
0.8844364,-0.56290174,2
0.9523015,0.69399244,3
0.59076124,0.8168256,1
0.5869656,-0.43588495,2
-0.07883727,-0.52267206,4
0.5448769,-0.6374513,2
-0.12170581,0.6471442,4
-0.13294914,0.7315803,4
-0.19650576,-0.14946921,4
0.09967456,0.48141444,3
0.6445201,0.7913243,1
0.16281529,0.07505037,3
-0.4730677,-0.5311233,1
-0.30677786,-0.430373,1
-0.18574856,-0.13012522,4
0.1176292,-0.6566006,4
-0.124791496,0.06618223,4
-0.22257902,0.7050874,2
-0.62788427,0.09767234,4
0.052476272,-0.68758553,4
0.042586155,0.63034624,3
-0.378542,0.21923447,2
0.66753477,0.05386062,3
-0.25223014,0.3257216,2
-0.79840434,-0.581084,1
0.79485506,-0.9763242,4
0.8877947,-0.58621395,2
-0.9485366,0.909076,4
-0.41348252,-0.5594046,1
-0.6130314,-0.42340997,1
0.5195196,-0.22421812,2
-0.7412322,0.715829,2
0.16292436,-0.21449198,4
-0.841748,-0.0032880402,4
-0.88113916,0.21561325,4
-0.29121366,0.56138444,2
0.45359558,-0.31297228,2
0.3185928,0.3327131,1
-0.78928554,0.7013963,2
0.5433828,0.8044565,1
0.5911162,0.69798905,1
-0.87196195,0.4957901,2
0.6372797,-0.9981968,4
-0.92640775,-0.1670579,4
0.16747272,0.8640899,3
0.015219677,-0.13672586,4
0.17627074,-0.77963424,4
-0.3011113,0.91221994,4
0.9509591,-0.7227006,4
0.4087926,-0.9389274,4
-0.2509056,0.5886901,2
-0.17537808,0.15368868,4
-0.959296,-0.10791715,4
0.9771977,0.9327571,3
-0.9606942,-0.34860468,4
0.72293514,0.86135703,3
0.5291334,-0.012743443,4
0.47206327,0.20310871,1
0.84165525,-0.524412,2
0.7824775,0.014298037,3
-0.75732046,-0.8437148,4
0.87055576,-0.15606554,4
-0.0379618,0.017685227,4
-0.907778,-0.85721976,4
-0.36895004,-0.79116565,1
-0.9880064,0.6499661,4
0.988661,0.28039905,3
-0.19529688,0.3558878,2
0.37536868,-0.13361055,2
-0.5759633,-0.967345,4
0.75473523,-0.60730547,2
0.22398588,0.7784428,1
0.78550124,-0.3652442,2
-0.46623746,0.5396746,2
-0.18698734,0.2455337,4
0.06367806,-0.8449586,4
0.5568777,-0.26374978,2
0.9589437,-0.8920563,4
-0.2575266,-0.18378167,1
-0.17970002,0.87901694,4
-0.042875472,-0.5156023,4
-0.92516285,0.5579825,4
-0.39251968,0.8141438,2
0.7073222,0.20414233,1
0.012818974,-0.016054349,4
-0.44820085,-0.66258556,1
-0.61028886,-0.21922353,1
-0.90481454,0.89688426,4
0.76667786,-0.4609922,2
-0.9409624,0.02142558,4
0.713182,-0.7233323,2
0.902614,-0.91297865,4
0.17549337,0.6521507,1
-0.17018478,-0.42200494,1
-0.31732616,0.28831556,2
-0.115464136,0.5744394,2
0.71912855,0.99723476,3
0.28341445,0.90570825,3
-0.84412485,-0.5123114,1
0.26192147,-0.6500842,2
-0.7091152,-0.7511768,1
0.3991783,0.65196514,1
0.26955208,0.47722274,1
0.63885415,0.5877055,1
0.4395539,-0.8490296,2
-0.96206135,0.81939745,4
-0.4599393,0.65310454,2
0.6521446,-0.13225837,2
-0.4665328,-0.29179737,1
0.9061447,0.16830567,3
0.3585113,-0.1803472,2
0.2988016,0.8852624,3
0.9168545,-0.11849578,4
-0.64199597,-0.077070795,4
0.20089951,-0.81238836,4
0.3866716,0.40567788,1
0.6288245,0.67212063,1
-0.26905072,0.7893622,2
-0.626485,-0.11083307,4
-0.9464399,-0.27751234,4
-0.24471958,-0.024008764,4
0.40974212,0.79292715,1
-0.38605848,0.6424992,2
-0.19985346,0.37606364,2
0.98408234,0.09162512,3
-0.6854727,-0.05718064,4
-0.63204014,0.69868463,2
0.9820061,0.39110926,3
-0.5662307,0.2642312,2
0.0081498,0.23183404,3
-0.93733305,0.7037579,4
-0.7939501,-0.20939244,4
-0.67384684,-0.851084,1
0.11804713,-0.021010963,4
0.19612327,0.60874784,1
-0.42330253,0.6440718,2
0.57309735,0.5757612,1
-0.731971,0.02285567,4
0.5638407,0.2605,1
0.23709199,-0.59209025,2
-0.15220723,0.49959373,2
0.21525735,-0.22658996,2
0.442424,0.8060974,1
-0.8493269,-0.18428528,4
-0.7891573,-0.48273954,1
-0.61226064,-0.3697829,1
-0.9493216,-0.4563076,4
-0.43158194,-0.92370373,4
-0.13852948,-0.1647795,4
-0.4823551,0.77476084,2
-0.8915053,-0.64743745,4
-0.87293553,0.63726246,2
-0.91583866,0.07026739,4
