0.33246747,0.36766088,1
-0.046548944,-0.39344567,4
0.7651463,0.880916,3
-0.64471555,0.16801253,2
0.710631,0.6108996,1
-0.6171705,0.5463156,2
-0.7105168,0.25705552,2
-0.43030992,-0.86579007,1
0.4744024,0.60370046,1
0.6342332,-0.74438965,2
-0.39582953,-0.22043273,1
-0.8363486,-0.99150664,4
0.58443767,-0.36187217,2
-0.44266763,0.34954926,2
-0.07204087,0.96006817,4
-0.36313632,-0.052484665,4
0.45388943,0.7337982,3
0.48912534,0.40365192,1
0.554985,-0.40277943,2
0.062361345,-0.65042377,4
0.22062342,0.21984932,1
-0.5901752,-0.48529583,1
-0.9162422,-0.8417752,4
-0.007740452,0.78170913,4
0.5963563,-0.1873914,3
0.4235743,-0.4637459,2
-0.17063501,0.42612216,2
0.8817784,0.12812519,3
0.48235142,0.5695148,1
0.111542955,0.1998682,3
0.46106425,0.8100635,1
0.6113214,0.054930687,3
-0.8317384,0.9299248,4
-0.08372873,0.5227194,4
-0.37185514,-0.61047274,1
0.6414602,-0.8307731,3
-0.75483894,0.071016535,4
-0.48502788,-0.22096391,1
-0.25486237,-0.3752004,1
0.47825435,-0.77858984,2
0.3657633,-0.98792374,4
0.12581655,-0.122609556,4
-0.7968403,0.71485627,2
-0.54358643,0.35769,4
0.6742719,-0.7069629,2
-0.13493575,-0.76224,4
0.057380337,0.8201138,3
-0.6346119,0.77554846,2
0.10526746,0.6332136,3
-0.3657752,-0.7982515,1
0.7113006,0.79134846,1
-0.85144955,-0.831935,4
-0.18451436,0.74375504,2
-0.4347344,-0.36369467,1
0.27673903,-0.3425949,2
0.79821,0.06373634,3
0.76429325,0.42241892,3
0.7882091,0.70573586,1
0.13412191,0.92315,3
-0.3507184,-0.42337823,1
-0.101875,-0.7981561,4
-0.7907088,0.7887489,4
0.7508773,-0.28455183,2
0.5420038,0.17734994,1
0.5210942,-0.8474213,2
-0.90081966,0.20673908,4
0.036437567,0.98877376,3
-0.22081456,-0.12127693,4
0.2484456,0.95970345,3
0.58958405,0.8064569,1
-0.5794447,0.3633907,2
-0.5539675,-0.29963863,1
-0.5585293,-0.9030433,4
0.6629003,0.504671,1
-0.5626558,-0.28213093,4
-0.5093107,-0.5649694,1
-0.7880409,-0.18514085,4
-0.10660397,-0.3456196,4
-0.11934434,-0.60597044,1
-0.018796993,-0.41499993,4
0.9612131,0.7394051,3
-0.9402745,0.53158903,4
0.5671088,-0.2037615,2
-0.8402986,0.869982,4
0.98310524,0.14546847,3
0.7974289,0.36860546,1
-0.59870803,-0.7216977,1
0.30714935,-0.07109566,4
-0.08738803,-0.5758498,4
-0.30362105,0.17428675,2
0.7833578,0.51003903,3
0.012130068,0.74597555,3
-0.25929022,-0.09412897,4
-0.328028,0.0835959,4
-0.56756204,0.0019328373,4
0.2046727,-0.07280114,4
0.74347305,-0.96890855,4
0.050188363,-0.83170295,4
0.42000532,-0.85989445,2
0.2712285,0.23670049,1
0.987666,0.8781203,3
-0.39452553,-0.48243427,1
-0.38448527,-0.054833166,4
-0.29052538,0.77293694,2
0.07707483,0.2625498,3
0.77672726,0.96174335,3
-0.15764132,0.8173336,4
0.11170187,-0.17694964,4
0.49327773,0.01543388,4
0.46049008,0.06441938,4
0.82537323,0.7665363,3
-0.216877,-0.22065544,1
0.26150605,-0.3725952,2
-0.858203,0.9474777,4
-0.51816225,-0.94994056,4
-0.99348515,0.53505677,4
-0.26329964,0.2135008,4
0.67193073,0.1406961,1
-0.73388994,0.75158954,2
0.8571854,0.49730328,1
-0.9431797,-0.29144388,4
0.7386871,0.96194166,3
-0.8762538,-0.36562535,1
-0.4476632,0.7632812,2
-0.7500813,-0.6544177,1
0.998568,0.93595743,3
0.14415354,-0.41247538,3
-0.4135296,0.10151024,4
-0.89155436,-0.20035182,4
-0.048348386,0.44918913,4
-0.77846813,-0.8416873,4
0.35956225,0.16310263,3
-0.24130195,0.89734423,4
0.93871856,0.2150541,3
-0.057942033,0.024663588,4
0.6473114,-0.1812477,2
-0.6447129,0.49699453,2
0.12653837,-0.8114929,4
-0.48902583,-0.18915488,1
-0.90715617,0.67533726,4
-0.4800537,0.037358332,4
-0.9789482,-0.6792893,4
0.81644326,0.38570496,1
0.9168331,0.67173195,4
-0.97904223,0.3326406,4
0.9095095,0.98407304,3
0.6977355,0.706625,1
-0.7519245,-0.8133698,4
0.75392526,-0.54078984,2
0.6814576,-0.97513515,4
-0.85648245,0.38369226,2
-0.13086356,-0.68811756,4
-0.66342103,-0.96549916,4
0.7147898,0.21508585,1
-0.5082856,0.43741444,2
0.75176364,0.85305345,3
0.56974715,-0.16884944,3
-0.06309003,0.377199,4
0.7356206,-0.7903646,2
0.5243395,-0.7853901,2
0.6435838,0.49950942,1
0.78238165,-0.3551924,2
-0.23836161,0.06113477,4
0.9687232,0.61035115,3
0.28259578,0.18922912,1
-0.43273342,-0.80069816,1
-0.2477751,-0.6492765,1
-0.21358673,-0.9896008,4
-0.975036,-0.9342797,4
-0.21331751,0.3869542,2
-0.91666716,0.23947597,4
-0.7959637,0.8942662,4
-0.47889185,0.109846085,2
-0.9840604,-0.6271024,4
0.8288322,0.10006571,3
-0.49425176,0.22522214,2
-0.8866036,-0.83070445,4
0.45694324,-0.5721277,2
0.45510468,0.7350031,1
0.28521162,0.09438851,3
0.02335499,-0.002339076,4
-0.2796239,0.57057995,2
0.44720364,-0.78110254,3
0.10239015,-0.7963153,4
0.22468658,0.9723187,3
0.17050567,0.6029394,1
-0.5463221,0.9786976,4
-0.68951905,0.76496094,4
0.5198572,0.32479486,1
0.083285935,0.57748765,4
0.07035942,-0.28780904,4
-0.91411805,0.48835063,4
-0.5350322,-0.9526293,4
-0.020245133,-0.5743743,4
-0.39588234,0.91887033,4
0.14917102,-0.8839194,4
0.6020763,-0.84273505,2
0.7955538,0.85236144,4
0.065787695,-0.82139444,4
-0.6923498,-0.5713198,1
-0.039908018,-0.29519382,4
-0.9662746,0.66765386,4
-0.7628181,-0.13761552,4
0.7800885,-0.19126686,4
-0.02518455,-0.1954134,4
-0.2782264,0.47641718,2
-0.05970233,-0.30428275,4
0.2818724,0.29301962,1
0.85565066,-0.9513326,4
-0.14470196,0.08869566,4
-0.3924631,-0.4808748,1
-0.9461457,0.57709795,4
-0.0090302145,0.92848337,4
0.059342273,0.13847423,4
0.90995693,0.7014632,4
0.41076344,0.65708077,1
0.2360634,0.34717333,1
0.43492517,0.21404152,1
0.5462744,-0.03934577,4
0.9651265,-0.2984392,4
0.8670624,-0.053360056,4
-0.01794928,0.3047764,4
-0.6714518,-0.16725957,1
0.4502187,-0.6576531,2
0.61117107,-0.19627841,2
-0.39817825,0.55868185,2
0.4211685,-0.29601377,2
0.02064806,-0.14412752,4
0.47800395,-0.93256307,4
0.47910935,0.22194251,1
-0.0020149439,-0.8179057,4
-0.9482491,-0.32215714,4
-0.88122857,0.31434026,4
0.6335595,-0.80376345,2
-0.32189152,-0.3685752,1
0.78905684,0.3518901,1
-0.8704862,-0.20839542,4
0.60054547,0.90148443,3
0.88412225,0.9334365,3
-0.28334188,0.3587073,2
-0.9084654,-0.7024724,4
0.56500244,-0.92882913,4
-0.2628531,0.9573958,4
0.2183967,0.30533904,1
-0.7933607,0.21673281,4
-0.18008925,-0.26567,1
-0.7386001,0.8377281,4
0.9983616,0.6750038,3
0.13673607,-0.8175827,4
-0.8424801,0.95273495,4
-0.48340115,-0.046785235,4
0.8072654,-0.2539669,2
-0.90318847,-0.0194246,4
-0.2747649,0.88378865,4
-0.19024237,0.4895657,2
0.28884885,-0.615791,2
0.3772443,-0.3587945,2
-0.010583814,-0.5709359,4
0.3586302,0.6407268,1
0.21553837,0.1959898,3
-0.7141252,0.17908534,2
-0.2508343,0.10539595,4
-0.31274325,-0.13439065,4
0.025161905,-0.9991855,4
-0.9977988,-0.8482208,4
0.62851304,0.8398783,1
0.6297735,-0.834244,2
0.40060475,0.7388787,1
-0.9744735,0.0951194,4
0.1492276,-0.85792303,4
0.10184818,0.085787766,3
-0.3481341,-0.22351849,1
-0.22416826,-0.023518816,4
-0.6521768,0.5462175,2
-0.2301929,0.06230162,4
-0.1349462,0.10424086,4
0.47060683,-0.92625093,4
-0.050855625,-0.6569369,4
0.40572324,0.85822016,1
-0.82456255,0.1441837,4
0.6528217,-0.85704887,2
0.345252,-0.5643497,2
0.06243697,-0.88158077,4
-0.898251,-0.21008483,4
-0.31532645,0.38011515,2
0.052155487,0.6550023,3
-0.7643149,-0.43120924,1
0.64650905,0.8997775,3
-0.85130006,0.51297873,2
-0.07173482,0.061394483,4
0.901217,0.0547236,3
-0.17777258,-0.25388858,4
0.41230077,0.37576437,1
0.23726837,0.63369864,1
-0.27702212,-0.5236852,1
0.40590745,0.894436,3
-0.38633704,-0.47469252,1
0.62445945,-0.68621457,2
0.82414645,0.7264515,1
-0.9456385,0.6445655,4
-0.9834609,0.84940445,4
-0.75061744,0.6249194,2
0.29601163,0.974232,4
-0.56957644,0.51138574,2
-0.9417205,0.69832563,4
0.6789747,-0.97746885,4
-0.9096181,-0.9399788,4
-0.30477864,-0.7437845,1
-0.52002573,0.83801574,2
-0.30577654,0.7627073,2
-0.90057987,0.3797668,4
-0.38574865,-0.29961875,1
0.6795127,0.47858304,1
0.8996836,0.38819054,3
-0.9274996,-0.5649732,4
-0.39492542,-0.039164208,4
-0.13217849,0.7742569,4
-0.05097703,-0.066365436,4
0.5528892,-0.78850883,2
0.32203302,-0.15664238,3
0.7354966,0.52107,1
-0.68890226,0.6413135,2
0.23775204,0.7226045,1
-0.17153865,-0.08793366,4
0.1514943,0.29610196,3
-0.20011511,-0.6445626,4
-0.9268066,-0.5837714,4
0.049448457,-0.7753032,4
0.9175056,0.9871968,3
0.57792675,0.8276786,1
-0.008260421,-0.30889145,4
-0.9717179,-0.11872461,4
-0.20891646,-0.4453535,1
-0.9832275,0.9184675,4
-0.5171228,0.5062365,2
0.52728546,0.37954548,3
0.86755365,-0.05358932,4
-0.34077185,0.11806805,4
-0.8420378,-0.00996585,4
-0.2811644,-0.69630736,1
-0.024814233,0.35601974,4
0.5770552,-0.061601244,4
0.12902054,-0.9323962,4
-0.89507025,0.09362272,4
-0.009939516,-0.5326119,4
-0.34591398,0.54101527,2
-0.63333935,-0.5768749,1
0.38374448,0.55024993,1
-0.08348258,-0.026658712,4
0.74855286,0.46862596,1
-0.76447594,-0.39919692,4
-0.25078914,-0.67204624,1
0.2060231,-0.5152603,3
0.29975477,0.53696424,1
-0.8735977,0.7216031,4
0.06470616,-0.051431786,4
-0.8982473,0.96465886,4
0.7430144,-0.17920627,4
-0.48764792,0.15433188,2
-0.5054579,0.8419688,2
-0.20187041,-0.9728345,4
0.0832069,0.2322774,3
-0.14815769,-0.47154263,1
0.5070062,-0.42347324,2
-0.10597734,0.83280504,4
-0.8490317,-0.5581073,1
0.54517204,0.7123839,1
-0.31970784,0.78840256,4
0.9952526,0.8929973,3
-0.5729788,-0.16847052,1
-0.37890056,-0.19526954,1
-0.55226755,0.35185343,2
-0.6134874,-0.13688937,1
0.86888295,-0.20363964,4
0.98882604,0.79748505,3
-0.18867469,-0.9465657,4
0.44476062,0.35906768,1
0.9105492,-0.973475,4
0.93618363,-0.63126063,4
-0.8673742,-0.55882716,1
-0.09440394,-0.025088359,4
0.7295742,-0.59837514,2
-0.91192645,-0.75096685,4
0.3776483,-0.38449636,2
0.22108355,-0.9911605,4
0.98729795,-0.17952296,4
-0.7400874,0.7791682,2
0.6475075,-0.4880504,2
0.06194229,-0.07721182,4
0.546797,0.6655281,1
0.5490415,-0.3613217,2
-0.5308988,0.6962408,2
-0.4810287,-0.73426235,1
0.15946537,-0.33421543,2
-0.3972445,-0.72702926,1
-0.849782,-0.14923467,4
0.7480345,0.68347186,1
0.78495926,-0.32593367,2
-0.7151795,-0.716518,1
0.52102965,0.97694916,3
-0.32011822,-0.28238243,1
-0.9294329,0.3138459,4
0.9330403,-0.030979978,4
-0.41099316,-0.12863457,4
0.9805373,-0.63564014,4
0.56489587,-0.4221139,2
-0.94135636,0.31779143,4
-0.9731242,0.65407634,4
-0.30006346,-0.18169127,1
0.47709134,0.2753458,1
0.68396384,-0.95155776,4
0.9933094,0.035914432,4
0.9859499,0.46957284,3
0.21663891,-0.27402812,2
0.548086,-0.21523254,2
0.5536263,0.60711265,1
-0.13211903,-0.94782865,4
-0.43988055,-0.7105464,1
0.13084011,0.122573085,3
-0.0771504,-0.28710353,4
0.42798293,-0.1405054,2
-0.90987706,-0.8050359,4
0.8537219,0.20850356,3
0.89605343,-0.54764676,2
-0.3185125,0.14760308,2
-0.46214983,-0.29962963,1
-0.08797403,-0.5005266,4
0.1610051,-0.0049011167,4
0.17509684,-0.76026994,4
-0.1652377,-0.13745564,4
0.9756784,0.60767275,4
-0.29431146,0.7559626,2
0.6908381,0.42543346,1
0.039964247,0.13966143,3
-0.533039,0.55994195,2
0.23837227,0.0011165712,4
0.5066382,-0.48457974,2
0.8588379,0.67332554,1
-0.7184795,0.41164055,2
-0.5695363,-0.82022226,1
-0.58307576,-0.13185667,1
0.20476781,-0.5871866,2
0.664759,-0.046037134,4
0.8724695,-0.31618616,4
-0.84398705,-0.15314877,4
-0.8203689,-0.7543158,4
-0.51109177,-0.7600188,1
-0.099039845,0.8332885,4
-0.005997907,0.9958473,4
0.96005124,0.9884518,3
0.39678854,0.82852507,1
0.90951496,0.66918236,3
-0.9106676,-0.25770605,4
0.37524232,-0.5320268,2
0.18646094,0.0063345223,3
-0.6007992,-0.3947678,1
0.68413967,0.134976,4
-0.55139846,0.98865724,4
-0.59331906,0.7977512,2
0.8542181,-0.85096854,4
0.41797125,0.024013719,3
0.8490313,0.2325513,3
-0.5837327,-0.6924583,1
-0.4540762,-0.2517605,1
0.9123942,0.16559662,3
-0.9406946,-0.9211816,4
-0.8687983,0.86627394,4
-0.4264799,-0.6490503,1
-0.65652627,-0.9966146,4
0.117617466,0.95606786,3
0.34147814,-0.44100395,2
-0.15772456,-0.5100298,1
-0.028943256,-0.6666921,4
-0.97521913,0.15545781,4
0.8254243,0.016796235,3
0.26022303,0.6089737,1
-0.46675438,0.7010535,2
-0.6666231,0.03443981,4
0.5224202,-0.16285227,2
0.20185922,0.9441754,3
-0.95859843,-0.78835154,4
0.046474293,-0.7695307,4
-0.2543571,0.67277455,2
0.24244362,-0.44159696,3
-0.17452921,0.4480725,2
0.7523743,0.8809587,3
-0.17533228,0.89009887,4
0.30907905,0.09512378,3
0.6813782,-0.59904516,2
0.9081611,0.41020373,3
-0.33653787,0.74716073,2
-0.2751699,-0.5218022,1
0.66168797,-0.2960328,2
-0.64133334,0.6959649,2
0.48250902,0.2772276,1
-0.8602861,-0.87116975,4
0.42768288,-0.9503923,4
-0.46121266,-0.6321586,1
-0.5154994,0.48814157,4
-0.9525212,-0.695603,4
0.14546664,0.4276491,1
0.3559167,-0.38347328,2
-0.65875304,0.09877702,4
0.4796609,-0.115476966,2
-0.3393518,-0.21639727,1
0.48558906,-0.79251254,2
0.24514668,0.8328127,3
0.548489,-0.6620056,2
-0.8743812,-0.16287354,4
0.73725325,0.39456227,1
0.8017693,0.27634835,1
0.77778596,-0.30021158,2
-0.61961347,-0.86961526,1
-0.7415718,0.11842872,4
-0.7391965,0.47972468,2
-0.38390762,-0.8292894,1
-0.7976152,0.8939462,4
-0.3556836,-0.7481595,1
-0.5091726,0.8452344,2
0.16881706,-0.57717127,2
-0.9573729,0.022881497,4
0.5062815,-0.2820107,2
0.6990604,-0.6087616,2
0.016295772,-0.1479023,4
0.05502973,0.34830454,4
0.7264245,-0.93969965,4
0.18045995,-0.7804686,4
0.0022200567,-0.13472678,4
-0.8973184,0.4696755,2
-0.5131803,-0.518578,1
0.35122862,0.9366278,3
-0.9180265,0.8214142,4
0.9892887,0.68076444,3
0.2108009,0.49612433,1
0.9800005,0.89096713,3
0.71299267,-0.53102297,2
0.41597837,-0.022748828,4
0.7900162,-0.8427263,4
0.87567943,-0.6131327,2
0.84934783,0.6277086,1
0.103098415,0.77651614,3
0.8947977,-0.68399537,4
0.32410455,0.5223813,1
0.37031537,0.46024793,3
0.14360079,-0.18974607,4
0.77672046,-0.4333384,2
0.2864205,-0.02795937,4
-0.27220544,0.96154815,4
0.9690523,0.6681202,3
0.77105385,0.4040391,1
0.78023547,0.89679813,3
0.739996,-0.7350633,2
0.31126815,0.67570066,1
0.6931353,0.6848983,1
0.9603499,-0.78768986,4
-0.21108887,0.02183028,4
-0.7679835,0.18266876,4
-0.50347406,-0.26230526,1
-0.8009545,-0.3169739,1
0.19664606,-0.54217064,2
-0.32980344,-0.08292324,4
-0.07786502,0.40390274,4
0.9366238,-0.26661754,4
-0.7392147,-0.25888485,1
0.020344742,-0.17069657,4
0.41632777,-0.07872429,4
-0.76891017,0.4787243,2
-0.6784744,0.019779032,4
0.008277137,0.80425906,4
-0.6676387,-0.12616481,4
-0.21842363,0.2774091,2
0.31340075,-0.107084244,4
-0.4308705,0.76302737,2
0.35331753,-0.5646659,2
0.73331106,-0.9081286,4
-0.47800535,0.176014,2
0.5600091,-0.9947988,4
-0.8139643,-0.1776071,4
-0.20737177,0.12025896,4
0.72111887,0.6043838,1
0.9539263,-0.83925164,4
-0.12563069,0.25046042,4
-0.9112678,0.52157617,4
-0.49149087,0.58906037,4
0.6636253,-0.17468068,2
0.566425,0.75020474,1
-0.18537726,-0.39389944,1
0.4881726,-0.7021714,2
0.33338967,0.8454912,1
-0.7557331,0.9538916,4
-0.037205707,0.59916574,4
0.96509725,-0.82028353,4
-0.6861526,0.30051503,2
-0.21410246,0.40076196,2
-0.55797446,-0.9897688,4
-0.9768894,0.584506,4
0.59925735,0.49471644,1
-0.221843,-0.9626265,4
-0.48022202,0.75049,2
-0.75074416,0.34951645,2
0.7587087,0.72977436,1
-0.2644926,0.40332222,2
-0.11957374,0.44109058,2
0.9481292,0.134116,3
-0.16787909,0.26868296,4
0.80349934,0.49471635,1
0.62274474,0.8403793,1
-0.54279786,0.8781207,2
-0.21111797,0.73327863,2
0.63704526,0.48722515,1
0.2407796,-0.0076030083,4
-0.87077075,0.043445434,4
0.46141976,-0.8052078,2
0.9424517,-0.62252027,4
0.04043699,-0.4398074,4
0.69042057,0.26907027,1
0.8679492,-0.578034,2
-0.84150803,-0.8339436,4
0.53982306,-0.14365755,2
0.013136428,-0.2724062,4
-0.4719034,-0.85614896,1
0.925627,0.45722482,3
0.18457277,0.31939474,1
-0.14056003,-0.18265648,4
-0.24794865,-0.23551957,1
-0.646187,0.29009774,2
-0.8198913,0.6087853,2
0.85692066,0.85721976,3
0.9483509,-0.26580873,4
-0.3518406,0.64277184,2
-0.5990258,-0.89790154,4
0.86078066,-0.8278485,4
0.7473561,-0.2625539,2
-0.6119686,-0.6344989,1
-0.8169128,0.37737712,2
0.93625414,-0.634755,4
-0.82307047,0.9995833,4
-0.3209817,-0.6991001,1
-0.66203386,-0.75048923,1
-0.5369929,-0.33158943,1
-0.74622035,-0.65499586,1
0.5085165,0.03862314,3
-0.05131953,0.10356224,4
-0.681756,0.046454668,4
0.16838983,-0.8431192,4
0.9345062,0.12892622,3
0.41548267,0.6292193,1
0.7378253,0.20032895,3
-0.25659874,-0.9064498,4
-0.77657425,-0.35604084,1
-0.18521842,0.609386,2
0.28477812,-0.22657034,2
0.03477477,-0.6906654,4
-0.27312085,-0.2723966,1
0.9183194,-0.84774226,4
0.37216106,-0.08945494,4
-0.17799225,0.007608866,4
0.1482377,-0.78588736,4
-0.8098812,-0.31994924,1
-0.007679369,-0.14774951,4
0.2981363,-0.57848716,2
0.89902645,0.5227711,1
-0.26303136,-0.9011137,4
-0.30284253,0.46825543,2
-0.4777946,-0.227216,1
-0.5186868,-0.1497614,1
0.53392124,-0.12684381,2
0.4540955,0.54140824,1
-0.8636553,0.4017655,4
-0.7438526,0.18420036,2
-0.7205248,-0.78597367,1
0.7700287,-0.79023117,2
-0.5234635,0.0917214,4
-0.43057787,-0.14860182,1
-0.044175956,0.26556173,4
-0.56940484,-0.7426384,1
0.5206221,-0.37183028,2
-0.9946371,0.19006751,4
-0.42225003,0.033284903,4
0.3447081,0.9149251,3
0.11903832,0.8390218,3
-0.47582617,-0.49873832,1
-0.29055008,-0.15119162,4
-0.6856481,0.4901768,4
-0.35676357,-0.24610534,1
0.414199,0.6854959,1
-0.8882209,0.4005084,4
0.06722706,0.4928157,4
0.5636823,-0.89895856,4
-0.6497118,0.9105977,4
-0.6468947,0.784038,4
0.5949093,-0.047312096,4
-0.46620506,-0.87207764,1
-0.60112035,-0.71639776,1
0.37516624,-0.36219826,2
0.7317633,-0.6497568,2
0.30813026,-0.31348205,2
-0.4533549,0.8139862,2
-0.1489718,0.22734687,4
-0.010068435,-0.013384841,4
0.2625725,0.6670629,1
0.25336725,-0.042514957,4
0.7054455,0.32895043,3
0.93329585,0.71635795,3
-0.58875436,0.19395882,2
0.6410496,0.7191924,1
-0.61137486,-0.06348875,4
-0.17161204,-0.25092092,4
0.62931496,0.5152007,1
0.23008703,0.6715938,1
-0.5973981,-0.8228156,1
0.95280325,-0.30309153,4
-0.70720303,0.22173035,2
-0.38034934,-0.6923606,4
0.17513494,-0.62997717,2
-0.22825013,0.20294718,4
0.7359528,0.32571,1
-0.81672585,0.90091443,4
0.6592376,-0.10178072,4
-0.78905624,0.33154437,2
0.8037915,0.8067838,3
0.71195024,0.48441717,1
0.0071569188,0.48937082,3
0.45913815,0.43445146,1
0.34166348,-0.4970232,2
-0.014120173,0.6864107,4
0.32582152,0.6095138,1
-0.87384564,0.42760774,4
0.7158762,0.67795706,1
0.4923411,0.97626454,3
0.8664806,0.9755091,3
-0.8376418,0.32151377,2
0.39872026,0.2389644,1
-0.069025174,-0.6248429,4
-0.9655414,0.67668086,4
0.7131061,-0.5561482,2
0.2782431,0.40978914,3
-0.24088931,-0.12403687,4
-0.6743453,-0.9295549,4
0.036760125,-0.92378306,4
-0.33243564,0.68076074,2
-0.17141253,0.69360226,2
0.704618,0.4779886,1
-0.24254648,-0.8024763,4
-0.009522285,0.06278456,4
-0.84815264,-0.9684206,4
0.034733277,-0.24511167,4
0.053861607,-0.3151416,4
0.8095383,0.0650446,3
0.008913661,-0.69760066,4
-0.045744002,0.04789076,4
-0.0971845,-0.33175135,4
-0.7602129,0.39606553,4
-0.03181147,-0.32100728,4
0.06263553,0.472896,3
0.2016711,-0.23097503,4
0.855718,0.15540825,3
0.9428366,0.48124158,3
0.4397727,-0.93947774,4
-0.514075,0.6721542,2
-0.048955005,0.23834936,4
0.14084655,-0.78385216,4
0.36655763,-0.88554686,4
0.038648516,-0.108875036,4
-0.5497191,-0.18152611,1
0.6906935,-0.90785986,4
0.6482384,-0.8859019,4
-0.54411477,0.6796705,2
-0.10190767,-0.8968113,4
-0.1641497,0.51746744,2
-0.83712584,-0.5330749,1
0.18724138,0.8278165,3
0.76684767,0.07474176,3
-0.109773315,0.4695816,2
0.16532877,-0.22284684,4
-0.78653014,0.550445,2
-0.17527029,0.6344115,2
-0.36705935,0.686864,2
0.47296554,-0.15368108,2
-0.14706662,-0.16523176,4
-0.5037647,-0.539893,1
-0.5053428,0.38600338,4
-0.05759526,0.35756078,4
-0.29359546,0.4588093,2
-0.97615975,0.9676995,4
0.74905604,0.6477878,1
-0.38258946,-0.8807072,1
0.9547434,0.4261909,3
-0.1959416,0.033983238,4
0.9718176,-0.25897667,4
0.5861763,-0.14473361,2
-0.3834324,0.7832344,2
0.52307904,0.594241,1
-0.73415285,-0.53125185,4
-0.06802008,0.82684904,4
0.95311177,0.6925768,3
0.65661716,0.8699696,3
-0.8247181,0.12286229,4
-0.80561423,0.059674725,4
0.9750469,0.23321404,3
-0.4744316,0.8123967,2
0.8221566,-0.17725377,4
-0.5211304,0.62065,2
0.96111256,-0.3199151,4
-0.5864916,0.36499986,2
0.59843004,0.89039636,3
-0.23904978,-0.74737155,1
-0.9590093,0.9870106,4
-0.7459652,0.35331628,2
0.7324026,-0.52094394,2
-0.97338927,0.7228929,4
0.22492763,-0.14499131,4
0.08539821,-0.79709005,4
0.22238493,0.92427635,3
0.6739984,0.47791407,1
-0.21980959,-0.8862955,4
0.8468261,0.26644143,3
0.9918032,0.22579202,3
-0.92790645,-0.37931797,4
0.5595214,0.17676464,1
-0.8446071,0.3083622,4
0.6687581,0.6955524,1
-0.6697588,0.8382346,2
0.7793315,-0.94701856,4
0.45424575,-0.34916437,2
0.1293786,0.121699914,3
0.17814353,-0.29416418,2
0.82545334,0.80283904,3
0.36244625,0.62706345,1
-0.13185647,0.80024093,4
0.38911247,0.78058493,1
-0.068148635,-0.5739027,4
-0.81635743,-0.68172497,1
0.36966977,-0.52439106,2
-0.5999135,0.071065135,4
0.032765366,0.9491296,3
0.34524044,0.06821466,4
-0.044705067,-0.39172897,4
0.690118,0.8309684,1
0.7313413,-0.048543192,4
0.041692037,0.9740409,3
-0.93589,-0.5480174,4
0.07474059,0.17346223,3
0.15788223,-0.07087931,4
-0.4550221,-0.5548706,1
0.6019261,-0.82475084,3
0.3568298,-0.26060864,3
-0.49157068,-0.2617557,1
0.52230805,0.001348923,3
-0.14701256,0.7010056,4
0.7452723,0.5762357,1
0.25946185,-0.10467084,4
-0.73447794,-0.25004122,1
0.49807018,-0.9345222,4
0.11096342,0.4960739,1
0.44708255,-0.26845652,2
-0.01137798,0.4353538,4
-0.48106405,-0.08835594,4
-0.50464547,-0.5203692,1
-0.020866446,-0.6935427,4
0.28932384,-0.40153956,2
-0.8070638,0.23466676,4
-0.680024,-0.8201864,1
0.71626556,0.58238405,1
-0.5025334,-0.78733295,1
0.9928917,0.6861177,3
0.4660638,0.25197154,1
-0.98693866,0.6436924,4
0.94757235,0.18074872,3
0.0062003997,-0.37922508,4
-0.1983781,0.09944034,4
0.55289304,-0.28384745,2
0.21480209,-0.7176756,2
-0.52654666,-0.36578023,1
-0.17104581,-0.3282378,1
-0.35972998,0.39958844,2
-0.95699376,-0.4460358,4
-0.7793308,0.5914185,2
0.9089045,-0.81070083,4
-0.36798644,-0.12719499,1
-0.92947775,-0.335859,4
-0.8794176,-0.9140764,4
0.9887455,-0.9082138,4
-0.10632884,-0.137031,4
0.5238236,0.6127993,1
-0.732748,0.89628494,4
-0.08113981,0.11969921,4
-0.43983737,-0.10768108,1
0.8010784,-0.9596076,4
0.28458276,0.32071266,1
-0.7109366,-0.7638606,1
-0.5402725,-0.2767123,1
0.3071289,-0.4261821,3
0.1131812,0.27298838,4
0.24861357,0.08326598,4
0.827822,-0.9811782,4
0.028357064,-0.03324267,4
-0.2687046,-0.28792828,4
0.9946683,-0.15886462,4
0.8926916,0.017884208,3
-0.84964794,0.3095068,2
-0.43558365,0.354806,2
0.52214015,0.7181341,1
-0.9430771,0.49683392,4
-0.47674847,-0.7115387,1
0.82444674,0.6855767,1
-0.17638807,-0.14897951,4
-0.77064204,-0.5544266,1
0.96908015,0.36799523,3
-0.30682915,0.028731007,4
0.011175139,0.1289187,3
-0.12066927,0.7330635,4
-0.6976381,0.84755766,4
-0.87391233,0.88902056,4
0.8027569,0.37943584,1
-0.40973517,0.570005,2
-0.50026333,-0.9856181,4
-0.89850235,-0.107719444,4
0.47370437,0.46640262,1
0.2822488,0.79719007,1
-0.2937365,-0.932716,4
-0.62393916,0.47301322,2
-0.2799008,-0.852436,4
0.85328406,-0.06376895,4
-0.29445234,0.12960528,4
-0.76812714,-0.04250342,4
0.91347677,0.026876748,3
0.7564784,-0.46492463,3
0.10777975,0.499431,1
0.3114341,-0.119508274,4
0.94732934,-0.3901027,4
-0.014464075,0.62391937,4
-0.1757692,-0.6972046,1
-0.5642869,-0.7494242,1
0.28397396,-0.66792864,3
-0.91652703,0.06783827,4
-0.6013027,0.92066187,4
0.2868369,0.04358011,4
0.90607023,0.47856656,3
0.11956679,-0.73935074,4
0.4558463,0.95304495,3
0.010765268,0.45556763,3
-0.3397242,-0.8493844,1
-0.9028766,-0.049768414,4
0.9033615,0.06371896,3
-0.84336245,0.3862346,2
0.9512297,-0.1428339,4
-0.040273182,0.018728355,4
-0.41075408,-0.18346371,1
0.91830593,-0.7494231,4
-0.09774101,0.92196286,4
0.2562127,-0.23824213,2
0.86758876,0.56945604,3
0.37989914,0.5311129,1
-0.05509568,0.6950135,4
0.6046855,0.6189673,3
0.96555823,-0.36503708,4
0.3910878,0.48490867,1
-0.6674341,0.5437197,2
0.36347684,-0.5960379,2
0.17133409,0.24563304,3
-0.19094919,0.10910433,4
-0.7057273,0.77278197,2
0.3720223,-0.1351502,2
-0.3228521,0.38118216,2
0.14297056,-0.15440685,4
0.45278162,0.9833153,3
0.2672094,-0.122661255,4
-0.5864489,-0.7815891,1
0.12321259,-0.43004116,2
-0.2730841,0.9304413,4
0.71083015,0.7305358,1
-0.5995146,-0.14196326,4
0.3911739,0.16172814,1
-0.77874357,-0.32505095,4
-0.11865184,0.8112905,4
0.017681422,0.06248457,3
0.36711118,-0.6075482,2
-0.42299885,-0.25155303,1
0.7882689,-0.47386467,2
0.16136613,0.006282721,3
0.40209022,-0.004924079,4
0.9160114,-0.8372453,4
-0.64001983,0.52057624,2
0.5062121,-0.50420946,2
0.55652374,-0.40747687,2
0.8557684,-0.606887,2
0.8360067,0.16368978,4
0.030914914,0.7575619,3
0.77159435,0.665353,1
-0.8938359,-0.048883,4
-0.23779668,-0.13831425,4
-0.40726253,0.7247275,2
-0.18881223,-0.0721736,4
-0.12024453,-0.16289282,4
0.8424862,-0.95270056,4
0.6508148,0.768355,3
0.15078765,0.3586494,1
0.75531316,-0.97692037,4
0.043282293,-0.33742142,4
0.23996355,0.02582729,3
0.97611415,-0.30287206,4
-0.26979986,-0.833994,4
-0.3230459,0.6108337,2
0.98619646,0.87085414,3
-0.3718857,0.46741554,2
0.9803172,-0.012218529,4
-0.2919647,-7.748523E-4,4
-0.6679078,-0.3501869,1
-0.8077588,0.5329909,2
0.3170565,0.18184656,1
0.23119023,0.026661362,3
0.20462665,0.57669175,1
0.47878748,-0.18954606,2
-0.5110923,-0.68214166,1
0.9623902,0.09238648,3
0.11002304,-0.36601678,4
0.3773665,0.08618374,4
0.321063,0.014612591,3
0.6648747,0.10883979,3
-0.9203675,0.46946332,4
-0.5075381,0.8813532,2
-0.78042793,-0.3622516,1
0.69904715,0.09807098,3
-0.9821903,-0.3911426,4
0.07829563,-0.9997506,4
-0.21270007,-0.047406487,4
0.34053007,-0.06580109,4
-0.18280035,-0.17801824,4
0.5900918,0.7738019,1
0.20714454,-0.47616175,3
-0.84681535,0.56510556,2
-0.8911912,0.18502352,4
-0.3448572,0.07467322,4
0.6436734,-0.7974478,2
-0.4660236,-0.7952416,4
0.7036812,-0.7257995,2
-0.0590899,-0.06777981,4
0.19754274,-0.22261252,4
0.56414783,-0.16674148,2
0.6599589,0.006121438,3
-0.74127644,-0.98491275,4
0.9177639,0.7906401,3
0.5062364,0.87491554,1
0.47355562,0.9077433,3
0.2904679,0.37614578,1
0.035087373,0.6311686,3
-0.32094526,0.14535135,2
0.14262652,-0.946097,4
-0.4380248,0.66894764,2
0.925476,0.31499726,3
0.02282791,-0.9331592,4
-0.20452909,0.5529774,2
0.7106705,-0.4531875,2
0.3458422,0.8507608,1
0.4342601,-0.2532023,2
-0.8015429,-0.7086965,1
0.706343,-0.8548762,4
0.2049284,0.7609735,1
-0.093617424,-0.20248061,4
-0.22498824,-0.3354307,1
0.48274833,0.42435905,1
0.5404121,0.1914345,1
-0.34938794,0.74600637,2
-0.23133111,0.22946468,2
-0.5759302,0.71583563,2
0.4690196,-0.91008943,4
0.708526,0.54087496,3
-0.1273715,0.6014581,4
0.32409987,-0.93589556,4
-0.3403632,-0.8284364,1
-0.9215588,-0.99091387,4
0.025225544,-0.4953558,4
-0.20267309,0.89937747,4
0.35010827,0.81241983,1
0.08695888,-0.85158503,4
0.1351644,-0.35281396,2
0.66994405,-0.7996707,2
-0.9133827,0.6235046,4
-0.37178218,0.86228997,2
0.25232756,-0.9490488,4
-0.38487774,-0.3779351,1
0.21024573,-0.7429041,2
-0.0263244,-0.84816694,4
-0.8605809,0.6065232,2
-0.77928036,0.065998465,4
-0.351487,-0.017122248,4
0.122816026,-0.12436438,4
0.32665747,-0.045156002,4
0.78892565,0.8578434,3
-0.20960271,0.7456011,4
-0.8797419,0.97100747,4
-0.45381436,0.31432313,2
0.4661695,0.07686421,4
0.13154694,-0.22280961,4
-0.5926781,-0.49885917,4
0.9448179,-0.4226717,4
0.7879463,-0.35600445,2
-0.027909895,-0.6149394,4
0.106182285,-0.9491677,4
-0.33680123,-0.107452594,4
0.3970468,-0.4716131,2
0.73265636,0.27473754,1
-0.84767747,-0.16088963,4
-0.75360066,-0.9702069,4
0.5550016,-0.1286163,2
0.42492607,-0.3112962,2
0.39607474,-0.54968077,2
-0.08456809,0.09139712,4
0.115380496,-0.046090294,4
-0.5287738,0.7547188,2
-0.81338507,-0.6940883,1
-0.018884363,-0.41057873,4
0.86391455,0.7476672,3
-0.58660436,-0.26430908,1
-0.4681428,0.9074076,4
-0.37882018,-0.44951206,1
0.5542384,0.29252678,1
0.08434352,0.3595084,3
-0.30472988,0.4766783,2
-0.13155624,-0.85988617,4
-0.42062387,0.3319299,2
0.53643155,0.08106097,3
-0.95428395,0.90291923,4
-0.02763433,-0.6839933,4
-0.98207563,0.5150806,4
0.42900923,-0.00998368,4
-0.8810074,-0.12362342,4
-0.7017934,0.22486348,2
0.7802121,-0.96084285,4
-0.3268612,0.12673992,4
0.17983456,0.74709725,3
-0.38249174,-0.550213,1
0.75354785,-0.1432733,4
0.91474617,-0.79492253,4
-0.90929,-0.0073253387,4
0.02053535,-0.20448391,4
-0.7930105,0.5129981,2
-0.091860585,0.1645457,4
0.99882567,0.21216458,4
-0.25421098,0.06624117,4
-0.73509705,-0.6954961,1
0.9900394,0.58580667,3
0.24533252,0.28405076,1
-0.026351105,-0.7541422,4
-0.0050975787,-0.23474766,4
0.7099683,-0.19787243,2
0.9808017,0.73434085,3
0.07065401,-0.3669139,4
-0.42040575,0.48834625,2
0.20604774,0.52585727,1
-0.7613816,0.45657787,2
0.89788896,-0.18603581,4
0.1528729,0.9805169,3
0.13595907,-0.017221978,4
-0.32697988,0.7087548,2
-0.38860962,-0.12819925,1
-0.81965226,-0.37602505,1
0.88102263,-0.09147987,4
-0.18891656,-0.21717691,4
0.8844468,0.9397502,3
0.7498056,-0.11556718,4
-0.662944,0.3100537,4
0.49804142,0.90068954,3
0.67111355,-0.9062475,4
-0.1885565,-0.3438919,1
-0.11112706,0.6316015,4
-0.7671079,0.73629826,2
0.50722045,-0.33634275,2
-0.7310669,0.073967114,4
-0.8640093,-0.1118561,4
-0.70366263,0.49659845,2
0.90960306,0.30792978,3
-0.12879221,0.25042498,4
-0.4046874,0.44101596,2
-0.03433272,-0.2850994,4
-0.3137614,-0.347584,1
0.09118945,-0.7918315,4
0.9522603,0.38892323,3
-0.30871296,0.8183291,2
0.9094249,0.93621904,4
-0.3984973,-0.21727736,1
0.46502894,-0.9659665,4
0.8771568,0.12677918,3
0.9310901,0.9378215,4
-0.43145025,-0.54216534,1
0.8473452,0.5566267,1
-0.13750203,0.22399248,4
-0.86622316,-0.52783746,1
-0.21485014,-0.026297422,4
0.36330876,0.8931167,3
0.8446935,-0.38793376,2
-0.8872045,-0.04554123,4
0.6482729,-0.88747233,4
-0.036397222,-0.1389161,4
-0.18661006,0.21891548,4
0.6744956,0.9191358,3
-0.8377734,0.31782475,2
0.075560026,0.81128705,3
0.083387256,-0.32608965,4
0.41255814,-0.03768447,4
0.5089849,0.7433757,1
-0.86972344,-0.48954886,1
0.71897906,-0.6998862,2
0.68866193,-0.656119,2
0.27617136,-0.04533359,4
-0.93183327,0.5699559,4
-0.9650144,0.49224827,4
-0.40416634,0.44022125,4
-0.8304584,-0.17990133,4
-0.08994386,-0.4656232,4
0.43979943,-0.44227734,2
-0.0777575,0.38133445,4
-0.039363414,-0.8687765,4
0.014113969,-0.26983997,4
-0.8466592,0.19375418,4
-0.7398469,0.5360474,2
-0.46839464,0.18069427,2
0.85962677,-0.85145986,4
-0.21209972,-0.44317657,1
0.21920505,-0.97331434,4
-0.8219744,0.9035914,4
-0.8931787,-0.0018628447,4
0.42242107,0.3514028,1
-0.7948607,0.15960932,4
-0.18312304,-0.7477764,4
0.27764568,0.111498795,3
0.6308553,-0.47689706,2
0.41454464,0.55060506,1
-0.5793478,0.226464,4
-0.31437853,-0.8738198,4
0.9428029,-0.012915718,4
0.5731526,0.80420476,1
-0.14008294,0.42113218,2
-0.7864172,-0.7152164,1
-0.5802772,-0.6442166,1
-0.4903413,0.8735785,2
-0.6145406,0.07888665,4
-0.80367804,0.80970687,4
0.42258278,0.8507086,1
-0.09099523,0.6827282,4
-0.7825035,0.45154488,2
-0.9891372,-0.8928219,4
0.22689286,0.4912603,1
0.5285082,-0.7647145,2
0.13323537,0.77470213,3
0.010287697,-0.4585166,4
-0.09135502,-0.75076354,4
0.7871766,-0.7357025,3
-0.44458753,0.34997204,2
0.15774684,-0.80588,4
-0.120239645,-0.85911417,4
0.9530022,0.49495885,3
-0.5567362,-0.89387363,1
-0.8745193,-0.11606166,4
0.59422344,0.19907448,1
-0.845021,0.79733104,4
0.2737076,0.574864,1
-0.2806091,0.7731621,2
0.27616015,0.9263354,4
0.13604414,0.8986634,3
0.5743467,0.46889138,1
0.27289653,0.12050499,4
-0.9613048,0.17527232,4
-0.95990676,0.9050124,4
0.8312302,-0.01054798,4
-0.8754817,0.16643055,4
-0.53249705,-0.5640055,1
0.5906759,-0.35056883,2
-0.85686356,-0.38260683,1
0.45183256,0.7469295,1
0.6355426,-0.76904106,2
-0.22907108,0.83908033,4
-0.2695269,0.4563128,2
0.58014417,0.031017419,3
-0.40445167,-0.27419627,1
0.5537586,-0.8838097,2
0.3307148,0.19828232,1
-0.5825726,0.76348275,2
-0.33557823,-0.23954457,1
0.35823682,0.4778811,1
0.6236273,-0.5279061,2
0.88778883,-0.43175447,2
0.2687533,0.2879993,1
-0.2773728,-0.98257416,4
-0.871643,-0.2890662,4
-0.8560916,-0.7709878,4
0.76327574,-0.3204974,2
-0.813586,-0.34537846,1
0.5007902,-0.2591622,3
-0.06538148,-0.5872572,4
0.46413374,-0.4888138,2
0.56315535,0.41550872,3
0.83341736,-0.9567651,4
0.7869842,0.03777305,3
-0.84357184,0.2960398,2
-0.33706108,-0.098240554,4
-0.5787364,-0.91565734,4
-0.36705038,-0.5877365,1
0.5405754,-0.8448173,2
0.08766983,-0.14236777,4
-0.49372503,0.2311273,2
-0.8311793,0.37997445,4
-0.5254035,-0.3550268,4
0.97437364,-0.80253065,4
-0.25111923,0.587996,4
-0.41844472,0.009194518,4
0.44953322,-0.13592811,2
-0.49884933,0.49929133,2
0.5992758,0.5903425,1
-0.6909628,-0.15302072,1
-0.4972385,0.5603709,2
-0.40262857,0.8001206,2
-0.64770097,-0.61948025,1
0.22221103,0.43468288,1
0.72905564,0.24089931,1
-0.38584504,-0.45375562,1
0.46861014,-0.1312341,2
0.025161058,-0.35790494,4
-0.30816936,-0.74147755,1
-0.28687373,-0.24329366,1
-0.2688046,0.9460642,4
0.7649172,-0.573676,2
-0.6329286,-0.49254653,1
0.42090157,-0.14910702,2
-0.019938575,-0.43213058,4
0.12597719,-0.14210734,4
-0.22996695,0.70529944,2
-0.8262975,-0.8288405,4
0.5293036,0.3670877,1
-0.3447647,0.6803458,4
0.119876884,0.27256697,3
-0.2590449,-9.810823E-4,4
-0.0804349,0.081648216,4
-0.77878886,-0.71900886,1
0.2899832,-0.45874363,2
0.16868165,0.8184944,3
0.3952289,0.3964602,1
-0.14282311,-0.25077173,4
0.37176082,0.4323753,1
0.3229454,-0.2771852,2
0.41951442,-0.19849987,2
-0.32901776,0.68524575,4
-0.55264866,-0.16209275,1
0.24056448,-0.8092893,4
0.651979,0.757228,1
-0.2749191,-0.40430522,1
-0.8782956,-0.27402842,4
-0.69123924,-0.023854107,4
-0.8882493,0.835485,4
0.69846517,-0.92572284,4
0.007077659,-0.5413827,4
-0.2026349,0.56039816,2
0.73614866,-0.43152323,2
0.7379182,0.5140127,1
0.18309416,0.9698939,3
0.4566527,-0.4920186,2
-0.7818243,0.49040127,2
0.18919674,0.83427835,3
-0.3269322,-0.7024541,1
0.7708351,-0.8520218,4
0.8676939,0.29573122,3
-0.1305397,0.6295417,2
0.18238473,0.49488336,1
0.021688934,0.26993167,3
-0.7100762,0.16511743,2
0.20046574,0.25803775,1
0.73730785,0.17007892,3
-0.43124512,0.9785215,4
-0.088764004,0.12432798,4
0.86774963,-0.3125339,4
-0.55735046,0.8083505,4
-0.30800754,0.49382988,2
0.80603075,-0.19640382,4
0.7042233,0.40111575,1
-0.6556651,0.6281879,2
-0.03026963,0.5140779,4
0.8898304,0.15419969,3
-0.7826906,-0.65835047,1
0.3379568,-0.99401367,4
0.47920474,0.77529466,1
0.34253755,0.5560479,1
0.58695143,-0.26888815,2
-0.7929976,-0.52584666,4
0.10893136,-0.35254374,4
-0.88786083,0.31450802,4
0.057530195,-0.34545106,4
0.20450778,0.95595723,3
-0.038390465,0.999212,4
-0.47703394,0.7966521,2
-0.57007325,0.53096,2
-0.8905235,-0.75391,4
0.20321056,-0.8566073,4
0.37394428,0.39656237,1
0.8306703,0.019126065,3
0.39447576,-0.22088014,2
-0.22164463,0.44307345,2
0.4611042,-0.85371673,3
0.09331751,-0.48280975,4
0.03340146,-0.55128884,4
0.1640392,-0.8869568,4
-0.80506057,-0.89653724,4
0.9329085,-0.78630686,4
-0.44151756,-0.35130566,1
0.77321476,-0.1058917,4
0.90703845,0.64867944,4
0.62755096,-0.36590692,2
0.24317141,0.80276966,1
0.7466983,-0.39226028,2
-0.4482629,-0.48509702,1
-0.8581144,-0.19936924,4
-0.2573507,0.43283284,2
-0.3136838,-0.8838527,4
-0.19262953,0.74849045,2
0.53538877,0.4847251,1
-0.8337538,0.28661358,2
0.38416186,0.9179459,3
-0.9319705,-0.1344265,4
0.09417317,0.5799153,3
0.3861623,-0.7964789,2
-0.20771208,-0.4978449,1
0.49055642,0.21964382,1
0.90814805,-0.64030725,4
-0.59555143,-0.7567068,1
0.35410967,-0.3366492,2
0.122840434,-0.9644005,4
-0.41389388,-0.69160646,1
-0.1947139,-0.8647495,4
0.3832499,0.24836928,1
-0.81169486,0.69246507,2
0.45950517,-0.67534804,2
0.71218044,-0.67334247,2
-0.5724915,-0.7399627,1
-0.1621955,0.6514534,2
0.9714171,0.3957417,3
0.24976641,0.81689847,3
0.49509248,0.88598365,1
-0.8960258,0.9279908,4
-0.019679885,-0.6725389,4
0.27749538,-0.44012272,2
-0.35280305,-0.14933571,1
-0.5955865,0.19577754,2
-0.57088935,0.78804654,2
-0.8824427,-0.49974635,1
0.7754779,-0.493688,3
0.73889965,0.4879117,1
0.23791932,-0.21407525,2
0.14196524,0.27983254,3
-0.6150864,-0.7164022,1
-0.28783482,0.024556449,4
-0.6249868,-0.25005382,1
-0.5861886,0.30862483,2
-0.107996486,0.5153723,2
-0.31240153,-0.051417366,4
0.8432732,-0.3829344,2
-0.90472174,0.24080198,4
0.32520473,-0.7730693,3
0.73855287,-0.30992526,2
0.7904381,0.75626796,1
-0.9599299,-0.07102997,4
0.37896377,0.2538256,1
-0.38721955,-0.6924623,1
0.10950744,-0.8311373,4
0.8805057,-0.34910896,4
-0.4753509,-0.996673,4
0.661834,-0.53190136,3
0.7414025,0.20410058,1
0.9995917,-0.18901639,4
-0.6788523,-0.68178946,1
0.6111071,0.7309479,1
0.4251843,0.015392293,3
-0.9540243,0.4146374,4
0.19483829,0.2316296,3
-0.842486,-0.51228106,1
0.8618326,0.15623882,4
-0.8952458,0.39657897,4
-0.22688958,0.9194082,4
-0.31936517,0.29045847,2
0.16579214,-0.9236899,4
-0.72030985,-0.64476967,1
-0.6424514,-0.13883275,1
-0.1605165,-0.6377079,1
0.074196346,0.82693726,3
0.27247173,0.4032041,1
-0.68764406,-0.8857238,4
0.50088096,-0.16215649,2
-0.3331196,-0.97838837,4
0.5622239,0.68978196,1
-0.9794562,-0.31529993,4
-0.69325334,-0.2800819,1
0.32100046,-0.97908825,4
0.9935602,-0.31557217,4
0.6248682,-0.7536106,2
0.23644829,0.6659159,1
-0.71772236,-0.57739156,4
0.97404224,0.5310877,4
0.022444459,0.91593975,3
0.7566774,-0.4681087,2
-0.4194111,-0.7634753,1
0.061991233,0.691234,3
-0.47857141,-0.5681756,1
-0.42485222,-0.8958708,4
0.05083015,-0.38994268,4
0.49317503,0.6893135,1
0.1951024,0.9175828,3
0.6257417,-0.36243707,2
0.94068044,0.64409286,3
0.14997111,0.05746121,3
0.2831568,0.42592552,1
0.711555,0.69730943,1
-0.004901901,0.70038104,4
-0.38081488,-0.4529526,1
0.9919176,-0.33420637,4
-0.7813765,-0.635948,1
-0.9969163,-0.3497451,4
-0.6852176,0.33282527,2
0.7347131,-0.29301026,2
0.4869389,0.11595458,1
-0.42455193,0.7509167,4
-0.84063244,0.28115273,4
-0.76946485,0.037075467,4
0.7866908,-0.3607578,2
-0.6069743,0.2593354,2
0.023325913,0.38696268,3
-0.056401074,0.112807944,4
0.39650053,0.4465387,3
0.32297775,-0.49486965,2
-0.9868816,-0.79513925,4
-0.9016409,0.5034668,4
-0.9832597,0.4965027,4
-0.35346767,0.94264406,4
-0.2196999,-0.49206826,1
-0.056006018,-0.13399954,4
-0.3251419,0.010258517,4
-0.82528853,-0.31126535,1
0.2904095,-0.4964603,3
0.06932179,-0.6780002,4
0.39095855,-0.63043,2
0.24929869,-0.7733534,2
-0.054044098,0.71860915,4
-0.6164333,-0.67591643,1
0.17071731,-0.64134014,2
-0.465496,0.3176475,2
-0.39969254,0.13757847,2
0.880345,-0.19564018,4
0.37903497,-0.9239716,4
-0.8995148,-0.28905478,4
-0.17063583,-0.6655802,1
-0.5083043,0.29020536,2
0.22166325,-0.40541857,2
0.5830893,-0.021270897,4
0.84547406,0.18582189,3
0.21593139,0.75268185,1
-0.076632716,0.88782644,4
-0.8251212,-0.27299342,1
-0.35686666,-0.7141629,1
-0.7324595,0.22048795,2
-0.7599878,-0.33314642,1
0.8607129,0.5442345,1
0.35858536,-0.5970048,2
-0.7506768,0.64742243,2
0.17829417,0.58726716,1
-0.34314466,-0.65142643,1
0.40551466,0.22909115,3
-0.71360236,0.16391326,2
-0.7793397,0.78718936,4
0.6457841,0.28091982,1
-0.2833923,0.2645556,4
-0.3113344,0.6732444,4
-0.035705853,-0.09309041,4
-0.6804183,0.9646999,4
-0.62416726,0.96852237,4
0.022780646,-0.22930902,4
-0.118133016,0.61770576,2
0.15298696,-0.18526098,4
-0.9311329,-0.72759265,4
-0.523387,0.16885169,2
0.89808786,0.25181872,4
-0.57710576,0.12634405,2
0.10917898,-0.78598154,4
-0.9113383,-0.7949553,4
0.64991,0.37751156,1
-0.92571396,0.9120691,4
0.31485063,-0.20508055,3
0.7918144,0.5867118,1
-0.34041917,0.1026013,4
-0.096708104,-0.122540236,4
0.7163046,0.19697146,1
0.28531083,0.29835492,1
-0.8014491,0.51680106,2
-0.5137342,0.5384012,2
-0.032323595,-0.78531784,4
-0.49928302,0.5486037,2
-0.64341503,-0.0023338734,4
-0.8705193,-0.718478,4
0.41465214,-0.83180684,2
-0.13282749,-0.22140382,4
0.7542466,-0.8931106,4
0.64723986,-0.84456503,2
0.0391701,-0.3425596,4
-0.29187578,-0.9170722,4
0.44825554,-0.5068556,2
-0.0030922065,-0.6455758,4
0.95646155,-0.69877416,4
-0.08378522,-0.08799493,4
0.8780462,-0.40537167,2
0.7075689,0.71751374,1
-0.21751456,0.07564095,4
-0.4450541,0.6297171,2
0.18818183,0.9989096,3
-0.36527812,0.11468561,4
0.019889226,-0.97551405,4
-0.7748098,0.39291748,2
0.9351097,-0.9303612,4
0.8566237,0.3283378,1
-0.371794,-0.039967675,4
0.911579,-0.1007149,4
0.048068043,-0.110867,4
0.49859852,0.9619055,3
0.1490772,-0.6943214,4
0.58824515,-0.18228729,2
-0.0372141,0.6927991,4
-0.07016885,0.01889394,4
-0.8501337,-0.54724693,1
0.11535512,-0.8295506,4
-0.9170568,0.78581285,4
-0.8771334,-0.9055984,4
-0.6708899,-0.08808027,4
-0.102684654,-0.42119944,4
-0.8518119,0.43442458,2
-7.5886946E-4,-0.39246202,4
-0.6051712,-0.86465275,1
-0.59950674,-0.885732,1
-0.30116364,0.413715,2
-0.69462585,-0.82302856,1
-0.21820281,0.16900387,4
0.94274485,-0.48540908,4
-0.37379614,0.7705782,2
-0.028949162,0.10316822,4
0.41645545,-0.7348561,2
-0.83100533,0.72922564,4
0.7838555,-0.0748381,4
0.9985315,-0.030287458,4
0.068217196,0.24325502,3
0.3165666,-0.84861845,2
0.8088767,0.48594752,1
0.71352524,-0.38757277,2
-0.6564898,0.7334387,2
-0.24908209,0.47380766,2
-0.33639318,0.09310751,4
0.6799679,0.12883973,3
0.08396323,-0.53060186,4
-0.68311906,0.87310266,4
0.9570979,0.23172724,3
-0.26125005,0.21186937,4
0.8227307,0.5189142,1
-0.19752908,-0.8176003,4
0.8418929,-0.72906345,4
-0.52375996,-0.10956247,1
-0.96697456,0.7478881,4
0.25177097,-0.14514478,4
0.20554492,-0.013056132,4
-0.038344815,0.7460319,4
0.17050642,0.9097378,4
0.9903585,-0.14955088,4
-0.012373869,0.51742405,4
-0.18696924,-0.15191598,4
0.966249,0.53513485,3
-0.9588091,0.09618112,4
0.75180477,-0.9283399,4
-0.44025275,-0.9876536,4
0.069600515,0.26777282,3
-0.88917875,-0.12517214,4
0.12889574,0.7852943,3
-0.13472702,0.53528476,2
0.9703045,0.45006117,4
0.5152663,0.39000168,1
-0.57938117,-0.1395028,1
0.45698574,-0.706171,2
0.14685352,-0.39165783,2
0.2918058,-0.16466844,2
-0.48487413,-0.4281848,1
-0.41936076,-0.9763466,4
-0.406891,-0.97956914,4
-0.69255817,0.56316316,2
0.3141881,0.84491134,1
-0.54475623,-0.29951367,1
-0.73219436,-0.23101889,4
-0.57329905,-0.5967447,1
-0.8917387,0.9298668,4
0.5498323,-0.752223,2
-0.40836588,0.5923854,2
-0.25908348,0.82452583,4
-0.24052517,-0.80733675,4
0.53678864,0.2803745,1
0.8841757,0.44061655,1
0.4880796,-0.53701925,2
0.16391985,-0.7620793,4
0.4971149,-0.73229635,2
-0.41196004,0.9266256,4
0.60680145,-0.44346526,2
0.26343888,-0.5470831,2
-0.63877946,-0.63875073,1
0.27013394,0.83461064,4
0.8698828,0.032514554,3
0.8634473,-0.37263158,2
-0.33548293,-0.82001084,1
-0.2799287,-0.49532348,1
-0.7675607,-0.6137908,1
0.6871464,-0.44459343,2
-0.51969314,0.08374425,4
0.98330605,0.2591066,3
0.40648383,0.06891388,3
-0.5421862,0.46563512,2
0.8631566,-0.11175854,4
0.8716543,-0.93132704,4
-0.26167774,-0.12851098,4
0.34968784,-0.24789245,2
0.2941493,-0.4129848,2
0.3864467,-0.62188715,2
0.21706921,-0.25546297,2
-0.11571205,-0.206482,4
-0.53488773,-0.55590117,1
-0.43036956,-0.5818973,1
0.88204604,-0.3611257,4
-0.727157,0.64985037,2
-0.7278784,-0.19221255,1
0.56571907,-0.57323503,2
-0.97622484,0.28005728,4
0.3168273,0.115185,3
0.10928561,0.16958094,3
-0.8674336,0.9869454,4
-0.6122622,-0.691703,1
-0.722569,0.9823143,4
-0.5379847,-0.6462559,1
-0.5184816,-0.8437988,1
-0.90798366,0.9201764,4
-0.388878,0.43927255,2
-0.6053102,0.2717489,2
0.15757576,0.22464481,3
-0.84060526,-0.95883864,4
-0.85771817,0.26983824,4
-0.18916899,0.41219264,2
-0.31222293,-0.21851008,4
0.44144383,-0.8620238,2
-0.8947712,0.9695194,4
0.33460268,0.16061263,3
-0.068908416,-0.6956493,4
-0.7234283,-0.95250934,4
-0.4632324,0.015486952,4
0.3206527,-0.8450525,2
0.45568845,0.7060464,1
0.47597158,0.65384513,1
-0.2632659,0.34337372,2
0.8450217,0.18122284,3
0.84952635,-0.8181304,4
0.17085479,-0.111882046,4
-0.062168542,-0.41419113,4
0.56304234,0.6003659,1
-0.36221245,-0.7040237,1
0.68130666,0.35491744,1
0.9373824,-0.18298782,4
-0.959142,0.970885,4
0.43575707,-0.4712391,2
-0.118441306,-0.092141524,4
0.24245001,-0.5752752,2
0.5753927,-0.60652614,2
0.10832533,0.47778332,1
0.5384227,-0.29903698,2
0.26610795,-0.7047934,2
0.6133068,0.15243262,1
0.037373453,-0.43698478,4
0.789085,-0.36439934,2
0.28646883,0.74898297,1
-0.33732426,0.46512195,2
0.115874425,0.432879,3
-0.69858706,0.70266426,2
-0.7585922,0.6044775,2
0.06183337,-0.42550153,4
-0.20737424,0.30075443,2
-0.2756209,-0.51274633,1
0.9807468,-0.6263802,4
-0.87197614,0.03110516,4
-0.6158961,-0.8376689,1
0.7881602,-0.9417814,4
-0.66600764,-0.092028916,4
0.054208938,-0.19028099,4
-0.049989246,-0.7476113,4
0.85292345,-0.39251068,2
-0.7244519,-0.1841373,1
-0.5444186,-0.10781252,1
-0.7033394,-0.8047106,1
0.83226275,-0.46579635,2
0.5806524,-0.33950287,2
-0.3119626,-0.8781878,4
-0.8725674,-0.9133301,4
-0.7682955,-0.8137854,4
-0.33588192,0.32591254,2
0.969065,0.49596667,3
0.0020941999,0.21452537,3
-0.45534852,-0.8233574,1
-0.21972057,-0.9978341,4
0.927208,0.61246413,3
0.5968766,0.28607708,1
-0.5624097,-0.91428584,4
-0.56361794,-0.0069561023,4
-0.51053166,0.72151726,2
-0.2252361,-0.12747636,4
-0.9666623,0.43820685,4
-0.26702398,-0.010939161,4
0.9867124,-0.24103712,4
0.1805332,0.31697327,1
0.16555725,0.114398174,3
-0.6062971,-0.4245399,1
-0.9846492,0.8477496,4
0.4676638,-0.42843702,2
-0.270272,0.8074945,2
-0.5168043,-0.440615,1
0.93926364,-0.94648296,4
-0.15569079,0.33796975,2
0.19520275,-0.21690497,4
0.23563638,0.20234041,1
-0.0508537,-0.33357775,4
-0.6068949,0.4812237,2
0.96994406,0.026321262,4
0.02784774,-0.36648124,4
-0.68284565,0.9551963,4
-0.425335,0.9699364,4
-0.3760185,0.879825,2
-0.67037976,0.5965173,2
-0.10707024,-0.79925495,4
0.46719185,-0.43324044,2
-0.020415107,0.48096114,4
0.4503056,0.24642614,1
-0.017208563,0.8654314,4
0.6247138,-0.8489058,2
0.76560295,-0.3010069,2
-0.92546386,-0.033778835,4
0.5370799,0.99051064,3
-0.04597147,-0.098228805,4
-0.089631274,0.8532757,4
-0.058743864,-0.8891531,4
0.041345358,0.33801156,3
-0.2844788,0.6006293,2
-0.38797277,0.26093805,2
0.56908095,0.21432963,1
0.6652743,0.40469164,1
0.6455961,0.038619127,3
0.07709277,-0.38233227,4
-0.33267286,-0.4902873,1
0.068951115,-0.76548415,4
0.2785429,0.914264,3
-0.7425023,-0.6422245,1
0.79588467,-0.3864403,2
-0.2007446,-0.057558615,4
0.8132351,-0.28998682,2
0.043347232,-0.5302021,4
0.9484309,0.91622436,3
-0.5701017,0.03611732,4
-0.67486316,0.81522423,2
-0.8169535,-0.23852725,4
0.032313734,0.5960392,3
-0.49319574,0.98343515,4
0.76667213,-0.36478353,2
-0.29557765,0.27300185,2
0.7047605,-0.7599727,2
-0.043751944,0.022696445,4
-0.9709112,-0.41596085,4
0.7999117,-0.569908,2
0.6988954,0.8056961,1
-0.10364008,-0.051509902,4
0.35652807,-0.29569912,2
0.015844788,0.60834444,3
-0.36562216,0.097923785,4
-0.23668575,-0.4697988,1
0.60808754,-0.8093879,2
0.15030263,-0.95185953,4
-0.6436974,-0.93809724,4
-0.67827815,-0.6685994,1
-0.7437548,0.31389204,2
-0.48401836,0.5142497,2
-0.9176711,-0.9924418,4
-0.52555346,0.9971925,4
0.5900883,0.15199888,1
-0.836048,0.73696434,4
0.061835498,0.38281173,3
-0.1797271,0.56292725,2
0.35937095,0.1278408,1
0.29114935,0.5016431,1
-0.93777406,0.90251386,4
-0.37144768,0.011511052,4
0.05050081,0.639332,3
-0.6311089,-0.72887605,4
-0.20366266,0.71682274,2
-0.69184005,0.16787668,2
-0.8718651,0.036259223,4
-0.46833503,0.43054453,2
0.39123204,-0.13274172,2
0.543796,0.06800407,3
-0.0938595,0.8573275,4
0.4548863,-0.36331183,3
-0.82751715,0.53061587,2
0.05587059,-0.82379067,4
0.22925825,-0.41364184,2
-0.6727226,0.33404815,2
0.39938715,0.49037454,1
0.41091192,-0.75175095,2
-0.14812033,-0.7801872,4
0.587974,-0.7326147,2
0.13537604,0.9021903,3
-0.5323577,0.24911344,2
-0.70706856,0.6585241,2
-0.1495844,-0.22437169,4
0.17421196,0.7345164,3
-0.11043051,-0.46678784,1
-0.9740636,-0.6552879,4
-0.12546757,-0.20545258,4
0.8663949,0.2673455,3
-0.31185737,-0.5190178,1
0.13089861,-0.338927,4
-0.42430767,0.8257075,2
-0.19847184,0.7215245,2
-0.018772542,-0.040221646,4
0.98973894,-0.6080727,4
0.87332594,-0.35321313,4
0.6012207,0.46804142,1
-0.9401433,0.3382316,4
0.24958572,0.017117932,3
0.68409973,0.24342501,1
0.5634315,0.33114114,1
0.45191488,-0.6679083,2
0.10830191,-0.23244728,4
0.5539616,-0.66465896,2
-0.42701,-0.7489227,1
0.9546212,-0.3041031,4
-0.005789683,-0.7830111,4
0.3003351,0.9495428,3
-0.4456443,-0.9882386,4
0.5783761,0.6986421,1
0.917054,-0.28214103,4
0.60019326,-0.23897581,2
-0.20849507,0.86552453,4
0.0027402362,0.43294474,3
-0.8401896,-0.7903582,4
0.7116938,-0.6235729,3
0.6761652,-0.29834247,2
0.49101827,0.3060369,1
0.56105226,-0.16351405,2
-0.54348695,0.37872255,2
0.8694419,0.9073521,3
0.24312279,-0.4527617,2
-0.5948706,-0.59350604,1
0.21696745,-0.2189579,2
0.4732131,-0.74088526,2
-0.11290289,0.24039474,4
0.89252204,0.00828105,3
0.016465267,0.5553716,3
-0.393506,0.059682008,4
0.21787737,-0.748906,2
-0.69470495,0.07112415,4
0.75378394,-0.8931057,4
-0.23169722,0.2999156,4
-0.6124198,0.46729872,2
-0.6873402,0.8132199,2
-0.64887786,-0.042648353,4
0.5423859,-0.1228881,2
0.5348025,-0.9916343,4
-0.62076974,0.36827427,2
0.9528278,0.48086455,3
0.5604903,-0.1593895,2
0.31112435,0.48124653,1
-0.056364365,0.9138484,4
-0.62384194,0.3032403,2
-0.810302,0.2625429,2
-0.07878976,0.9739954,4
0.9277323,-0.1544097,4
-0.23262212,-0.06913528,4
0.14566502,0.6460119,1
-0.8613957,-0.7244645,4
-0.783266,-0.5503178,1
-0.14404003,-0.68214124,1
0.157438,0.78494936,3
0.29252034,-0.20303343,3
-0.98184115,0.62154007,4
0.32659948,-0.58974206,2
0.92084605,-0.32065076,4
-0.5583688,0.8435196,2
0.46256915,0.96200174,4
-0.35678884,0.22354916,2
0.8762968,0.48652893,1
-0.14093812,0.2475992,4
0.4516577,0.05294512,3
0.16102962,-0.2850216,4
0.8331321,0.5535233,1
0.5484979,0.9221757,3
0.58931375,0.8724806,1
0.5523865,0.60462177,1
0.13652655,-0.6723302,4
-0.205479,0.63012224,2
0.048878197,0.15556447,3
0.44869137,-0.620711,2
-0.06575781,-0.6181041,4
0.72098786,-0.8110827,2
0.43487734,0.03908404,3
0.7655961,0.98090756,3
-0.8506218,0.9181728,4
0.48947135,0.44146243,1
-0.90989864,0.5511676,4
-0.5697237,0.13611402,2
-0.9984154,-0.07294638,4
-0.8845136,-0.37740716,4
0.8789726,-0.5873242,2
-0.8307847,-0.07364446,4
-0.65696377,0.6831659,2
-0.086574905,-0.7628136,4
0.24572656,0.21453425,1
-0.35816872,0.027885236,4
0.6867914,0.44598264,1
-0.69816905,0.23960558,2
-0.69899327,0.31777006,2
0.5197381,-0.9313889,4
-0.39601213,0.112148754,4
-0.8911581,0.16553326,4
-0.16694777,-0.20618172,4
-0.8866122,-0.24616286,4
0.15265691,-0.8699078,4
-0.3866616,-0.08390628,4
-0.53026414,0.38086697,2
-0.16270842,-0.19448644,4
0.1747645,0.23960435,3
0.34053358,0.13047603,4
0.7352879,0.7777136,3
-0.8180284,0.33969072,4
0.6594164,-0.46147597,2
0.10144617,0.5071071,1
0.4506192,-0.3701921,2
0.9252496,0.07444987,3
0.9189924,0.0056159394,3
-0.07609864,-0.9552517,4
-0.1812648,0.28285906,2
0.06742885,0.7156618,3
0.061303224,-0.07681441,4
0.36840528,0.97371864,3
0.61681104,-0.21241036,2
0.4143819,0.010502485,3
0.16469078,-0.35507423,3
0.25544432,-0.8662252,4
0.18407525,0.73492026,1
-0.14049214,0.28873283,4
0.6743222,0.8439444,1
-0.9485371,0.7290079,4
-0.6502718,0.28407317,2
-0.7700229,-0.1706713,4
0.8367544,-0.24712572,4
0.06897506,-0.24855767,4
-0.9122998,0.21678554,4
-0.93536687,0.09512397,4
-0.5238243,-0.02757894,4
0.23197131,-0.086146,4
-0.48487005,-0.9909738,4
-0.11962296,-0.22929122,4
-0.91044205,-0.82334363,4
0.44098148,-0.3313509,2
0.869026,-0.24268617,4
-0.639191,0.6189027,2
0.09928104,-0.51718175,4
0.54286146,0.8134761,1
0.30064783,0.32993576,1
0.46535954,0.43870068,1
-0.84937954,-0.6196674,1
0.5685713,-0.70442975,3
0.71972424,0.33407176,1
-0.2909091,0.862668,4
0.5778158,-0.07177658,4
-0.75208205,-0.87434226,4
0.5007039,-0.6019711,2
0.8028072,0.37433836,1
0.58626634,-0.5679673,2
-0.1565629,-0.20142387,4
-0.3691897,0.8634972,2
-0.5299388,-0.24375246,1
-0.6902708,-0.9991772,4
0.06629331,0.29159385,3
0.8347534,0.26593897,3
0.5721002,0.19681238,1
0.70022136,0.2617893,1
-0.7547207,0.5727419,2
-0.64647436,0.95192766,4
0.67374796,-0.51065487,2
0.19465716,0.07446361,3
0.015699448,0.6002971,3
0.38479093,-0.15954493,3
-0.1273304,-0.85093176,4
-0.72391963,-0.6615615,1
-0.42187488,-0.9691148,4
0.70995146,0.6809298,1
0.09142302,0.85407555,3
0.40867704,-0.07199698,4
-0.9522871,-0.7224989,4
0.7380559,0.19379137,1
-0.90384984,0.3837623,4
-0.62541515,-0.5859741,4
0.5729797,-0.82993054,2
-0.91070896,0.20036878,4
0.25771794,-0.816675,3
0.77684206,-0.45211986,3
0.7486319,0.26999885,1
-0.07912371,0.25681534,4
-0.48943156,-0.17448911,1
0.3966474,-0.51584554,2
-0.61975145,-0.123489074,1
-0.5342409,0.4026539,2
-0.9085058,-0.029126389,4
-0.79556936,0.40834957,2
0.8793228,0.93635225,3
0.7095876,0.41767073,3
0.45500496,-0.054628823,4
0.123060934,0.6127126,1
-0.5246326,0.42982647,2
-0.22598551,0.45159867,2
0.26390678,-0.24078092,2
0.12784944,-0.87218684,4
-0.97250634,-0.6450878,4
0.40446427,0.049233932,3
-0.45683235,0.2834911,2
0.9418296,-0.2305802,4
-0.49892187,-0.83244073,1
-0.021925187,0.439333,4
0.9620962,0.38103703,3
-0.55387294,-0.10031153,4
-0.85416895,0.46008506,2
-0.34739873,0.48884088,2
0.77431333,-0.9441347,4
-0.025940234,-0.6713734,4
0.06978708,-0.22907926,4
0.6696496,-0.055296276,4
0.19694968,-0.8597829,4
0.8939361,0.5962505,3
-0.7505604,-0.28221595,1
0.4056837,0.49372172,1
-0.0500439,0.68113554,4
-0.6906523,0.37780726,2
-0.9505556,0.13268581,4
-0.46816975,-0.23339698,1
-0.69663453,0.018412028,4
0.31708115,0.9438842,3
-0.95397943,-0.44899753,4
-0.4014188,-0.30441895,1
-0.7052013,0.563372,2
-0.9383982,0.48418266,4
0.35638115,-0.7318215,2
0.50407374,0.6056603,1
0.78146076,-0.5069641,2
0.81138986,-0.33181322,3
0.77222675,0.22644679,1
-0.36529475,0.0777615,4
-0.3196748,0.9667743,4
0.45623752,-0.93209016,4
-0.22145821,0.23028676,4
0.98441774,0.96773607,3
0.12715903,-0.9473489,4
0.18594523,0.007354574,3
-0.9903679,-0.5868336,4
-0.73593324,-0.0015727414,4
-0.65050715,0.31822786,2
0.6596808,0.03027685,3
-0.14744982,-0.5105581,1
0.9048649,-0.9373451,4
-0.19940522,0.99568015,4
0.71159565,-0.5077051,2
-0.24624698,-0.87588155,4
0.9399712,-0.21679388,4
0.540959,0.7736554,1
-0.43788064,-0.21465978,4
0.31804526,-0.26049754,2
0.015873335,-0.028384084,4
0.98077315,0.5983799,3
-0.38431856,0.39189833,4
-0.49044135,-0.74839574,1
-0.759711,0.4107267,2
-0.08871732,-0.6159009,4
-0.7755613,-0.6565582,1
-0.82727414,-0.40952173,1
0.21589111,-0.14328378,4
-0.745078,0.2380166,2
-0.71608603,-0.27809024,1
-0.31309178,-0.5924843,4
-0.56076163,-0.6855111,1
-0.84646326,0.69747186,2
-0.79972076,-0.40495682,1
-0.14846039,0.10903306,4
0.26187238,-0.5139727,2
0.89097375,-0.4428222,2
0.63034624,0.21583559,1
0.069352664,-0.7206718,4
-0.18438096,-0.17549549,4
0.7107688,-0.8680849,4
-0.55584604,-0.5566848,1
0.5534564,0.6677028,1
0.69671214,-0.15234,3
0.8416149,0.2551602,3
-0.40362847,0.15632464,2
-0.37026232,0.21277903,2
-0.21656726,-0.72785354,1
-0.017251775,-0.04329945,4
-0.9834372,0.9339196,4
0.23926103,-0.93623275,4
-0.6704622,-0.87374353,4
0.12833992,0.59236985,1
-0.7603123,0.46546006,2
-0.53395367,-0.76783335,1
0.43082958,-0.71835726,2
-0.07556301,0.21661346,4
-0.7029585,0.030420572,4
0.3238047,-0.6312872,2
0.104794174,0.8153465,3
0.7539479,-0.8063274,2
0.37416503,-0.04759991,4
-0.8690817,-0.79078937,4
0.55331695,0.27165425,1
0.4346212,-0.5642455,2
0.91608244,0.18376389,3
-0.41384852,-0.5307771,1
0.69606054,-0.760995,2
0.7919193,0.23663221,1
0.221555,0.11680454,3
0.12828353,-0.6085919,2
-0.23283161,0.6903723,2
-0.56685793,0.4366985,2
0.11686549,0.3442605,3
0.3210584,0.760635,1
0.6605362,-0.7437499,2
0.80110925,0.61057365,1
-0.9640231,-0.59351456,4
0.85054725,-0.99917537,4
0.7889705,0.0075746337,3
-0.9748382,-0.88905305,4
0.7577356,-0.43548676,2
0.25522524,0.95380056,3
0.49013272,-0.5783841,2
-0.7858032,0.1324093,4
-0.83787924,-0.6722817,4
-0.27023524,-0.8857422,4
-0.53275526,0.98707694,4
0.6509044,0.47661185,1
0.66636485,0.84172237,1
-0.74824685,-0.5437145,1
0.39510983,0.37534183,1
0.8483256,0.40516502,1
-0.5118965,-0.69334745,1
-0.12375727,0.5357097,2
-0.34791794,-0.73698294,1
-0.3806933,0.8592686,2
-0.44346306,-0.65219027,1
0.32624814,-0.71115047,2
0.15619327,0.7366119,3
-0.8136248,0.405144,2
0.75391567,-0.29974252,2
0.9780046,-0.12789309,4
0.48872793,0.74341005,1
-0.0759814,0.53191537,4
0.21849085,0.6957966,1
0.99800795,-0.0018587804,4
-0.11888907,-0.7267158,4
-0.42270097,-0.6163337,1
-0.32360333,0.8552423,2
0.7345579,0.52320474,3
0.2210545,-0.13558884,4
0.74018884,-0.35002357,2
-0.806238,-0.60912514,1
-0.50027066,0.52654606,2
0.0014860273,0.62154686,3
-0.99603194,0.16932002,4
0.35167566,0.61338735,1
0.5984011,-0.20338605,2
-0.9091413,0.21872401,4
0.50047505,0.8172868,1
-0.3545425,0.11460751,4
0.86917317,-0.49987456,2
-0.65397614,0.32893828,2
0.56695634,0.45666394,1
-0.103983685,-0.83827657,4
-0.90229326,-0.14111356,4
0.41892233,-0.4184077,2
0.94871455,0.11899596,3
-0.36509612,0.9906966,4
0.44622546,0.89558434,1
0.6259302,-0.5058308,2
-0.6672938,0.16731685,2
-0.2139985,0.62599784,2
0.5136188,0.73359877,1
-0.5462271,-0.14218841,1
0.069693774,0.95732796,3
-0.48439574,0.48075643,4
0.7987909,-0.45279565,3
-0.8315014,-0.22281621,4
0.6945115,-0.5306275,2
0.85899705,-0.6941362,4
-0.8143974,0.057369467,4
0.07408174,0.9731993,3
-0.70654595,-0.4738645,1
0.65544236,0.05852867,3
0.60095733,-0.5453199,2
-0.7651962,0.05289795,4
0.8947552,0.5410773,1
0.43483096,0.95023096,3
0.21828292,0.80474913,3
-0.06936236,0.23396032,4
0.8725708,-0.73981464,4
0.19807148,-0.68902236,2
0.48686787,0.3527969,1
0.75743985,0.48205125,1
-0.14316031,0.66470814,2
0.51962614,-0.028785396,4
-0.1367904,0.69291943,4
-0.886167,-0.82261485,4
-0.16915613,0.09511296,4
-0.9255747,0.6147029,4
-0.59626096,0.5038862,2
-0.16576116,0.27261135,4
0.9752466,0.7365876,3
0.55272365,-0.004879013,4
-0.651013,-0.5228601,1
-0.067399785,0.43731925,4
-0.6181631,0.8739832,2
0.9752881,-0.9638934,4
-0.5125389,0.17399712,4
0.8139092,-0.09483306,4
-0.98783535,-0.22082497,4
0.6576347,-0.35109365,2
0.43320563,0.8478783,3
-0.10926437,-0.3521603,4
-0.7842979,-0.2636048,1
0.49586257,-0.39624655,2
-0.015780136,0.7537213,4
0.30952984,-0.904252,4
-0.2508787,0.5411696,2
-0.14204197,-0.019452985,4
-0.5503874,0.1405643,2
0.44654906,-0.09142201,4
0.55272937,-0.17393105,2
-0.8367282,0.60136044,2
-0.7584244,0.98460853,4
-0.02416096,0.2695101,4
-0.45794195,-0.22843596,1
0.21920094,0.4117581,3
-0.87604094,-0.43109825,1
0.6417756,0.83512527,1
0.362056,0.15285003,1
0.55793315,0.029853946,3
0.29243827,0.25211066,1
-0.613746,-0.18127969,1
-0.57171524,-0.74641407,1
0.37744105,0.62149835,1
-0.06803817,-0.80732167,4
-0.8143122,0.7179585,2
-0.35602462,-0.054928306,4
0.23974214,0.88693166,3
0.055375062,-0.59400856,4
0.84555984,-0.08151721,4
0.9337516,0.18446402,3
0.41576624,0.2586986,1
-0.72718316,0.33100995,2
-0.9196545,0.81332445,4
-0.82571805,-0.6717897,1
0.69000334,-0.5874329,2
0.6746888,0.06913959,3
0.47420478,0.17364065,1
-0.7709242,-0.013042464,4
0.5494305,0.88265175,1
-0.7682982,0.63195693,2
-0.6270789,-0.7104807,1
0.60908896,-0.33422756,2
-0.019954482,0.9488936,4
0.023704523,-0.10427728,4
0.4001394,0.87029237,1
-0.21723878,-0.86141455,4
0.5806633,-0.9704996,4
0.20470569,0.50945,1
-0.878963,0.8520009,4
-0.6514415,-0.60164905,1
-0.6225409,0.5629063,2
0.89470106,-0.2603806,4
-0.60586286,0.10535986,4
-0.83995295,0.10449352,4
-0.4159305,-0.19673808,1
0.15962234,-0.84153676,4
-0.84294623,0.5707721,2
0.05797932,-0.2832126,4
-0.39910683,0.080418624,4
0.89892614,-0.80593234,4
-0.21546562,-0.43235403,1
-0.88417536,0.9598966,4
-0.21644248,0.889826,4
-0.19395413,0.8593715,4
-0.26275423,0.9334718,4
0.24463119,0.90537846,3
-0.06565046,-0.3202891,4
-0.39986846,-0.53653413,1
0.98732585,0.24381842,3
-0.3699415,0.78803366,2
-0.91826624,-0.607636,4
0.4482056,0.7824301,1
0.6618019,-0.35238883,2
-0.21112736,0.69106364,2
0.9119113,0.6933093,3
-0.09493316,-0.97173494,4
0.48755512,-0.17724176,2
-0.96584964,0.4395726,4
-0.79730016,0.38658682,2
-0.20602289,0.0033140588,4
0.95158905,0.21539369,3
0.82789016,0.43453234,1
-0.21615632,0.76633227,2
-0.76563215,0.0638898,4
-0.39206412,0.071709946,4
-0.12331724,0.7394035,4
0.90919113,0.5942887,3
-0.5064916,-0.059345856,4
-0.33238378,-0.19544527,1
0.8905457,-0.50081307,2
0.4750041,-0.98015887,4
0.49727902,0.07462409,3
-0.09935774,0.95767087,4
-0.32302,0.7267562,2
0.2549931,-0.92638516,4
0.68089706,0.92650783,3
-0.04086452,-0.5613398,4
0.68176055,0.63389987,1
0.2464996,-0.63236594,2
-0.60635465,-0.2965989,1
0.49820575,0.7874573,1
0.214924,-0.98541844,4
0.333574,-0.67551005,2
0.29235712,0.12070222,3
0.9263189,0.030299501,3
0.41487253,-0.2944974,2
-0.22847123,0.6349188,2
-0.93338674,0.1784339,4
-0.74054396,0.13988498,4
-0.4945373,-0.14586814,1
-0.5161296,-0.29235405,1
-0.5656875,0.47998625,2
0.38344777,0.28061265,1
-0.9095952,-0.38305718,4
-0.16365431,0.6273039,2
-0.37052372,0.35762402,2
-0.9535569,-0.13649887,4
-0.8937519,-0.009320299,4
-0.58583623,-0.424315,1
-0.4251451,0.99293053,4
0.108552,0.9685871,3
-0.38031712,0.7470487,4
0.37728348,-0.20145604,3
0.59010404,-0.16831382,2
0.96827835,-0.08669391,4
-0.093157984,0.89631176,4
-0.7950144,-0.9853831,4
0.8320031,0.89151114,3
-0.33456245,0.6535629,2
-0.80826193,0.7478367,4
0.06477502,0.66547793,4
0.6963917,-0.9530739,4
0.9278325,0.2999011,3
0.04792627,-0.5342647,4
-0.34801197,0.5943071,2
-0.8677982,-0.9496839,4
-0.6159614,0.31438345,2
0.7819342,-0.9646988,4
-0.8546922,-0.3814035,1
0.22616744,-0.09139064,4
0.30722687,-0.075498834,4
-0.8810443,0.7610348,4
0.9097175,0.026273822,3
-0.48750293,0.2843108,2
-0.41496715,0.9486289,4
0.20075586,-0.19037728,4
0.75225157,0.27667788,1
-0.7550046,0.8258586,4
0.12805654,-0.42675096,3
-0.7173093,0.89131635,4
0.89723027,-0.87272924,4
-0.66017354,0.7561009,2
-0.36534324,0.6553704,2
-0.418805,-0.059267383,4
0.39649495,0.03392741,3
-0.14468834,0.65901613,2
0.5222821,-0.15573123,2
0.47504747,0.6131775,1
0.42648506,0.9870938,3
-0.2791399,-0.79637,1
0.91565824,0.2248824,3
0.7031738,0.5551721,1
-0.15217046,-0.051939547,4
0.9603308,0.5304104,3
-0.15027153,-0.71910435,4
-0.6712972,0.73793894,4
-0.48554778,-0.260951,1
-0.12416829,-0.80075157,4
0.30032542,0.7587499,1
0.053441387,-0.3398178,4
0.11801791,0.61776465,3
0.56616014,0.9594629,4
0.2981267,0.48452112,1
-0.031108413,0.9315778,4
-0.16012396,-0.16848138,4
-0.25020385,0.15109302,4
-0.78847295,-0.65619034,1
0.01938085,-0.35903695,4
0.75648475,-0.80202043,2
-0.8544399,0.28307357,4
-0.6983618,0.48048854,2
-0.670166,-0.0067028687,4
0.80562806,0.19906397,3
0.6347513,-0.7422874,2
-0.14229631,-0.6966392,4
-0.8848339,-0.03296065,4
-0.83043355,-0.7985685,4
0.08678675,0.82222205,3
0.6137971,0.110479064,4
0.14023001,0.19867168,3
-0.8324118,-0.7684987,4
0.07606142,-0.8731211,4
0.72774655,0.049084395,3
0.6387039,-0.05633005,4
0.17425865,-0.76513946,4
-0.24904415,-0.24427797,1
-0.62919,-0.2751764,1
-0.77374095,0.79330564,4
0.6909921,0.9393892,3
-0.16337992,0.26951933,4
-0.068298526,0.057107903,4
-0.3422002,0.84423894,4
0.4973978,-0.6816227,2
0.16136391,0.16206668,4
-0.018851707,0.94817936,4
-0.7194783,0.22294132,2
0.79518217,-0.78563523,4
0.19218987,0.17970914,3
-0.52676463,0.991653,4
0.7239857,-0.7404347,2
-0.56878495,-0.06361258,4
-0.15179455,0.19030227,4
0.17737345,0.7920083,3
0.7453616,-0.81404537,2
-0.35230178,-0.41723493,4
0.33135608,-0.78833926,3
0.039803505,-0.50029624,4
-0.7875551,6.956503E-5,4
-0.64380044,-0.53147936,1
0.87212294,0.8208676,3
-0.9338698,0.8872944,4
0.9590047,-0.9058233,4
-0.33135208,0.3509735,2
-0.86646765,-0.03535212,4
0.39645353,-0.29986724,2
-0.31352508,-0.613266,1
0.34220898,0.14900236,1
0.5500275,-0.8226632,3
-0.48775354,-0.8890618,1
0.21295284,-0.97202265,4
-0.0937081,-0.45907387,4
-0.9015445,-0.6131986,4
-0.03079442,-0.10927714,4
-0.81507796,0.2667943,2
-0.4612354,-0.7970948,1
0.9066271,0.850003,3
-0.30712256,-0.62073517,1
0.8690707,0.7715492,3
0.24478288,0.5142173,1
0.7006073,-0.69128495,2
-0.29605532,-0.503478,1
-0.16897118,0.5901004,2
0.5654682,0.30771756,1
-0.62489885,-0.8077598,1
-0.8423692,-0.117915004,4
0.18480176,0.014329843,3
0.90499514,-0.31675857,4
0.94200003,-0.38220224,4
0.78676325,0.78296834,3
-0.3388711,-0.117916495,4
0.61347914,-0.9713322,4
0.770357,0.050580926,3
-0.76938903,0.53074396,2
-0.005047936,0.30449796,4
-0.80061716,0.20780768,4
0.37676445,0.78431135,1
-0.6883085,0.3572234,2
-0.9283715,0.4492674,4
-0.5310125,0.37623984,2
-0.94169205,0.88944745,4
0.09032012,0.8935981,3
0.8984788,0.8404838,3
0.0018034962,0.075667,3
-0.61902356,0.9500294,4
-0.518247,-0.018848946,4
0.7827116,0.65326065,1
-0.830377,-0.86568046,4
-0.055391446,-0.22852643,4
-0.63664746,0.3923554,2
-0.9012788,-0.31357163,4
0.8932455,-0.5346134,2
0.9411609,-0.70954376,4
0.42928284,0.7193791,1
-0.28279385,0.089168444,4
-0.49526504,0.1074078,2
-0.19371414,0.15435483,4
-0.43217912,-0.9672822,4
0.5455114,0.49753127,1
-0.5556042,0.79001135,2
-0.26509064,-0.13845697,4
0.24144611,0.94588155,3
-0.30695128,-0.99563974,4
-0.92951757,-0.064661175,4
0.98970336,-0.0348354,4
0.24245134,-0.55723715,2
-0.47239727,-0.6587766,1
0.5959863,-0.6800518,2
-0.22295026,0.641838,2
-0.72310615,-0.7674811,1
0.3277856,0.7935319,1
0.09067114,0.623941,3
-0.001704154,-0.08692666,4
-0.90271497,-0.5074983,4
-0.63614744,0.70010227,2
0.59785616,0.7835126,1
-0.59519446,0.9810093,4
-0.6405054,-0.35702604,1
0.053547423,0.9059987,3
-0.2857248,-0.55992293,1
-0.40648824,0.5014089,2
-0.97807634,-0.7319478,4
-0.658402,0.2425676,2
0.46766692,0.8435724,1
0.87538105,-0.8343231,4
-0.06492165,-0.5444794,4
-0.35906523,0.0011578259,4
-0.9994194,0.31950235,4
0.33240145,-0.3000053,2
0.28725603,0.6738629,1
0.5506611,0.4470947,1
0.43020895,-0.1512711,2
0.34941164,0.31349176,3
0.7771305,-0.16193707,4
-0.86974734,-0.31194288,4
-0.69711137,0.4359771,2
-0.43471172,-0.2612955,1
-0.22339551,0.43642667,2
-0.23857825,-0.33391708,4
-0.7017639,0.7574712,2
0.5337154,-0.69360006,2
-0.672626,0.49888283,2
-0.43146914,-0.31499255,1
0.26171598,0.08007225,3
0.4169602,-0.016830359,4
-0.41777334,-0.21707864,1
0.9953953,-0.28478318,4
-0.74423426,0.6337412,2
0.7567839,-0.025971899,4
-0.7428236,-0.16346732,4
-0.54923177,-0.2648229,1
0.118429735,0.49610385,1
-0.22518055,-0.6464224,1
-0.1968879,0.56821394,4
0.93675226,-0.42572236,4
-0.99521697,0.612348,4
-0.24954985,0.23812917,2
-0.6642805,0.6123109,2
0.2638378,0.1141048,3
-0.43974563,0.82563597,2
0.80742776,0.24749887,1
0.8800098,0.12366741,3
0.83321863,-0.7146578,2
0.7362849,-0.26733196,2
0.91117036,-0.5709753,4
0.19086964,-0.3312413,2
0.031490896,-0.93493104,4
0.8075881,-0.19401236,4
0.03688439,0.42767945,3
-0.6963753,-0.39881402,1
0.034792848,0.63430756,3
0.8866035,0.5390687,1
0.31435782,0.48498183,1
-0.95131505,0.7176142,4
0.25889683,-0.0017486389,4
0.15456659,0.37218285,1
-0.51152515,-0.16426331,1
-0.96807873,-0.9140622,4
0.818718,-0.29832253,2
-0.8600559,0.8464935,4
0.25520578,0.24546273,1
-0.96250147,-0.27933785,4
0.17515683,-0.21036805,4
0.67381114,-0.18922012,2
0.9410277,-0.20730393,4
-0.5475301,-0.74880856,1
0.6491465,0.8685499,1
0.638078,0.56964546,1
-0.41056278,-0.45081702,1
0.14251392,0.88691705,3
0.67222863,0.015552666,3
0.29629868,0.6140185,1
-0.19858357,0.5473065,2
-0.77422416,-0.1712957,4
0.5199343,0.36374182,1
0.85812455,-0.985793,4
0.6474189,-0.6520825,2
-0.6031492,-0.1904237,1
0.8387002,-0.5411123,2
0.9772919,-0.3172785,4
0.6266449,-0.3669294,2
-0.15447354,-0.3318996,1
0.52900296,-0.062010817,4
-0.8806371,0.5285333,2
0.99507713,-0.4530091,4
0.3949787,0.7661816,1
0.48684874,0.7227578,1
-0.84073424,0.026389213,4
0.8169531,-0.0050705126,4
-0.74830496,-0.34132534,1
0.33270594,-0.24884012,3
-0.81999147,0.9142564,4
0.8150525,-0.21661025,4
0.7144752,-0.29457414,2
0.57142466,0.2877258,1
0.24276926,-0.3910765,2
-0.49661946,-0.65346247,1
0.3324388,0.28706172,1
0.62863815,0.058416322,4
-0.11510628,-0.5057611,1
-0.81846786,-0.14756514,4
0.3320477,0.94404304,3
-0.10140484,-0.15158872,4
0.27615872,0.48841912,1
-0.8467743,0.71906567,4
-0.3492721,0.104206346,4
0.31532454,-0.21873346,2
-0.6750112,0.23631272,2
-0.99780464,-0.0060500368,4
0.6197548,0.097218625,3
-0.9765124,-0.7345383,4
0.57514095,-0.10053966,4
-0.08316177,0.6624705,4
0.23164381,-0.124926984,4
0.4772264,0.5494396,1
0.46970117,-0.1687578,2
0.9007116,-0.25113446,4
0.007365471,0.2659578,3
0.73476845,-0.031182779,4
-0.51693666,-0.5736405,1
-0.7608183,0.06016702,4
0.7462839,-0.31546745,2
0.843503,-0.7004755,2
0.73289096,-0.87665206,4
0.81322736,0.5971946,1
0.89679366,-0.99515027,4
-0.97530395,0.14820741,4
-0.017111372,0.91577566,4
-0.24039583,-0.98195845,4
-0.071789935,0.77286273,4
0.8689647,-0.98369145,4
0.4335394,0.7922298,1
0.57228017,0.088317715,3
0.9145451,0.093664035,3
0.94308436,-0.43318364,4
0.37179163,0.2771508,1
-0.97674537,-0.21125646,4
-0.44162124,0.3743008,2
0.08565656,-0.2972459,4
-0.38799196,0.68402517,2
-0.7484234,-0.3254845,1
0.08811516,0.6362184,3
0.23361573,0.33405477,1
-0.29068428,0.8194006,2
-0.9724179,0.19219314,4
-0.14551009,0.33208513,2
0.8735096,0.16455,3
-0.83717304,0.6906419,2
-0.45492807,0.95868546,4
0.03227327,0.5099542,3
0.15093908,0.47337547,1
0.2500261,0.27229753,1
0.12735556,0.49324167,1
-0.39930758,0.76342386,2
-0.70150405,-0.30482394,1
0.7449477,-0.42459878,2
-0.046210542,-0.432819,4
-0.26882637,-0.31034297,4
-0.6430075,-0.3789291,1
-0.42840222,0.14098445,2
0.3216415,-0.8025767,2
-0.14641643,0.5478275,2
0.16672727,-0.7525828,4
0.43040037,0.6435307,1
0.053816125,0.35871002,3
-0.9977723,-0.53123903,4
-0.7050134,0.691989,2
-0.39072403,0.5420547,2
-0.5538225,-0.27426493,1
0.56043977,0.91224355,3
0.94293296,0.17726614,3
-0.44770843,-0.3440582,1
0.6189127,0.18023041,1
-0.7723223,0.101672836,4
-0.060513727,-0.1518938,4
0.30764532,0.16963796,1
0.29457805,0.42938244,1
-0.07438371,0.8864301,4
-0.31824493,-0.85384953,1
0.7130799,0.8847323,3
0.87117577,0.88078034,3
-0.5601929,-0.10944516,1
-0.6789708,-0.39410642,1
0.10064671,-0.46007228,4
-0.8081881,0.90542835,4
0.8610536,-0.097993344,4
0.620299,0.26742294,1
-0.58593184,-0.29115096,1
-0.3668115,-0.20581973,1
0.34572685,-0.7599977,2
0.7237173,0.4184152,1
-0.06922121,0.16258922,4
-0.9566136,0.07428312,4
-0.6431727,-0.6913815,1
-0.41962403,0.08305147,4
0.26704815,0.64835006,1
-0.34490114,-0.59845465,1
-0.6223262,-0.29694524,1
-0.04578014,0.5680948,4
0.018421063,0.78748435,3
0.3836781,-0.02002733,4
0.10768023,-0.91934645,4
-0.1711244,-0.5435524,1
-0.7509632,0.23570184,2
0.8900615,0.38454354,3
0.35475984,0.5419776,1
-0.41937497,0.70608944,2
-0.9077831,0.37515175,4
0.44684583,-0.22587767,2
-0.7685278,0.48794815,2
-0.45529404,0.96736914,4
-0.0389595,0.6225513,4
0.99148184,0.78033966,3
-0.15789157,-0.17274891,4
-0.46042255,-0.12579332,1
0.29145348,-0.060520917,4
0.7837647,0.8445943,3
0.4154878,0.003919388,3
0.54073805,0.8948365,1
0.3517851,0.3204082,1
-0.19450107,0.44916087,2
0.79331625,-0.40179405,2
0.010139666,0.34530333,4
0.4513764,-0.08899467,4
0.44841805,0.5497159,1
-0.6734632,0.2245621,2
0.38919327,-0.62600154,2
0.86734927,0.97367626,4
-0.86785436,0.5654214,2
0.5621778,-0.8912591,2
0.9528144,-0.8818966,4
-0.017623609,0.16929033,4
0.27718425,0.5190356,1
-0.37921336,0.0717474,4
0.59891057,0.8128861,1
-0.5123613,-0.4365293,1
-0.47137725,0.34334514,2
0.86960995,0.68156135,3
-0.78783417,0.402372,2
-0.94601476,0.39278924,4
0.28445768,-0.018454203,4
0.3892641,-0.9457395,4
-0.007069441,-0.84500825,4
-0.3893611,-0.059340864,4
0.42812452,-0.2919779,2
-0.18828548,-0.805624,4
0.58147675,-0.06961625,4
0.29461944,0.87466973,3
0.6980393,-0.9176918,4
-0.62503743,0.8600152,2
0.93483514,-0.9263895,4
-0.75461674,0.08656382,4
0.34765446,-0.8771625,4
0.49491554,0.7214887,1
0.7278792,0.4306221,1
0.7180076,0.45300812,1
-0.34226468,-0.35158002,1
0.79749405,0.052883025,3
0.5522791,0.6838823,1
0.4745749,-2.377064E-4,4
0.45826668,0.2842099,1
-0.61589026,0.3542235,2
-0.6236031,0.09964791,4
0.087240905,0.7038043,3
-0.8993979,-0.6347409,4
-0.8787777,0.14757335,4
-0.3938481,-0.14152864,1
0.6477992,-0.39257568,2
-0.7088275,-0.10542323,4
-0.05023318,-0.27637964,4
0.65133524,0.40807462,3
-0.57261807,0.0452501,4
0.8562729,-0.17605565,4
0.6028149,-0.16399625,2
0.15380639,0.7328208,3
-0.73373544,0.5996225,2
0.8531482,-0.77543545,4
-0.30008215,-0.75116146,1
0.97345865,0.07658682,3
-0.10242815,-0.09830894,4
-0.5241938,-0.59905064,1
0.9541518,0.6385963,3
-0.3452072,-0.51407963,1
-0.97999096,0.5850538,4
0.92468226,0.67528075,3
-0.8170317,0.6347057,2
0.41139054,0.5579409,1
0.733571,-0.4242824,2
0.8174914,0.43080735,1
-0.043472223,-0.24606149,4
-0.33246502,0.98252386,4
-0.06148969,0.46660987,4
0.8142991,-0.9483345,4
0.047274314,-0.35815006,4
-0.11432506,0.86088413,4
-0.52832747,0.97682375,4
-0.08694957,0.63284427,4
0.36208653,0.380246,1
-0.21461335,0.3627544,2
0.11563663,0.43523365,1
0.34249786,-0.2421596,2
-0.25658122,-0.3471475,1
-0.8760633,0.051930502,4
0.16492486,0.85507065,3
0.13767187,-0.7471226,4
0.9184235,0.2820645,3
-0.039495125,0.1650353,4
0.96987575,0.48049924,3
0.3287417,0.62539184,1
0.9551254,-0.94214195,4
0.7655778,0.2709304,1
-0.19739841,0.68819255,2
0.20731601,0.8808176,3
-0.14770497,-0.12435186,4
0.8639783,0.06828279,3
-0.49922013,-0.18364687,1
-0.6450625,0.58552635,4
0.34474766,-0.016918784,4
0.51444703,-0.40362823,2
-0.35614398,0.8705826,4
0.026727766,0.40511233,3
-0.35162807,-0.39354718,1
0.4306481,0.8392999,3
0.50256395,0.12045404,1
0.07884176,0.89603543,3
-0.3007293,0.38564518,2
-0.26207873,0.5963501,2
0.67649746,0.35259604,1
0.9115952,-0.93503314,4
0.45897403,0.8921805,1
-0.76294136,0.5713073,4
0.1957949,-0.0144510465,4
0.87083066,-0.8659921,4
-0.93723655,0.03819174,4
-0.589165,0.901145,4
0.9118274,-0.62139165,4
0.20829086,0.061281603,4
-0.01927609,-0.5951867,4
-0.1390245,-0.20045029,4
-0.76189137,0.48132265,2
-0.9525277,0.6652259,4
-0.05878181,-0.5733014,4
0.8026963,0.6333407,1
0.7264725,-0.5277343,2
0.8346336,0.6872422,1
0.13405694,-0.034925833,4
-0.12909165,0.5799148,2
-0.42510644,0.2251584,4
0.47533774,0.8011845,1
-0.8342846,-0.9150573,4
0.80662596,0.03142807,4
0.9621524,-0.6826347,4
0.7651089,0.4395011,1
-0.6184745,0.8227517,2
0.59407634,-0.88349736,2
0.09087713,0.8602473,3
0.8184893,-0.6453312,2
0.49985155,-0.610954,2
0.3084584,-0.8971749,4
0.9943195,-0.317197,4
-0.016016178,-0.929113,4
0.02083429,-0.40367302,4
0.31125328,0.024082128,3
0.523553,0.33948407,1
0.20308258,-0.19516994,4
-0.4226332,-0.66445726,1
0.4944407,-0.35774532,2
0.48060802,-0.9599738,4
0.9297561,-0.9544198,4
0.2885449,-0.3546605,2
-0.9730697,0.81137365,4
-0.40061316,-0.086414345,4
-0.4274794,-0.21730466,1
0.25591046,-0.67359656,2
0.49596795,0.45141533,3
-0.9999693,0.021428693,4
0.9543725,-0.64230853,4
-0.38961324,0.14892979,2
0.46323305,-0.3289065,2
-0.14626224,-0.7781281,4
-0.4934029,0.088049315,4
0.97288156,-0.51554465,4
0.26979226,-0.90411544,4
0.2938597,-0.6318745,2
-0.17934364,0.17418142,4
-0.16588822,-0.33600354,1
-0.573968,0.16269882,2
0.0954332,0.3841443,3
0.7780667,-0.051374156,4
0.18928258,-0.47736433,2
-0.88785726,0.035189748,4
0.31912947,0.5155451,1
-0.23862053,0.26305848,2
-0.21916902,-0.5635951,1
-0.8083183,0.8737706,4
0.9769345,0.492101,3
0.42007896,0.7325467,1
0.5075227,0.690515,1
0.7051944,-0.53801304,2
0.82569957,0.46527702,3
0.12341824,-0.3322074,4
0.95076925,-0.7613148,4
0.062828094,0.6459711,3
-0.36896917,0.39872548,2
-0.42208537,0.8249445,2
-0.45089084,0.8215292,2
0.09432293,-0.31371763,4
0.66781414,-0.9083894,4
-0.8795707,0.588882,2
0.71937746,-0.9923429,4
0.7417207,0.451515,1
-0.16500083,0.20408636,4
-0.08153912,0.87970823,4
0.17816369,0.004356549,3
0.49458322,0.4006361,1
-0.4389036,-0.46879488,1
-0.28251657,-0.066488445,4
-0.14026211,0.05541868,4
0.6694666,-0.49391046,2
0.663167,0.3359858,1
-0.12913637,-0.84271246,4
-0.84329814,0.9018778,4
0.324849,0.66228455,1
-0.5040853,0.80432624,2
-0.82890445,-0.50576186,1
-0.27279866,0.12713744,4
-0.020334879,-0.29583675,4
-0.91118336,-0.3761059,4
0.47179347,-0.84050477,2
-0.18238781,0.24115714,4
-0.6319489,-0.07188072,4
-0.48194146,0.31608775,2
0.2480868,0.21764334,1
0.94219303,-0.92092,4
0.21485911,0.9626199,3
0.49636725,0.2646078,1
-0.9112358,0.27224323,4
0.8412733,0.49788046,1
-0.5440482,0.9784597,4
0.08766168,0.38613576,3
0.6467177,-0.47611174,2
-0.09287465,0.45031905,4
-0.5457583,0.55865425,2
-0.43522707,0.07806897,4
-0.20506024,0.62715125,2
-0.2782538,-0.70131,1
-0.42310712,0.06555759,4
-0.27269065,-0.5447876,1
-0.35647053,-0.86189014,1
-0.0066461456,0.7015545,4
0.0010551129,0.047869075,3
0.48307416,0.9517835,3
-0.33113128,-0.10703515,4
0.008479229,0.5648515,3
-0.19504511,0.12276984,4
-0.82973194,-0.8829626,4
-0.51066995,-0.6054048,1
0.73411554,0.39448592,1
-0.7218805,-0.15149082,4
-0.040960114,0.87227464,4
0.7925825,0.20772067,3
-0.09053702,-0.07930837,4
0.94896483,-0.62966126,4
0.7197747,0.62394416,1
-0.4222357,0.47467193,2
0.85938525,0.085174926,3
-0.9200709,0.077770844,4
0.9818381,-0.5579888,4
0.2214954,-0.03740409,4
0.34177345,-0.609756,2
-0.6802099,0.1537149,2
-0.96967715,-0.9852916,4
-0.09009644,-0.46074843,4
-0.4914107,0.20483387,2
0.8297534,0.7261241,1
-0.20032777,-0.7197539,1
0.6995442,-0.35161948,3
-0.9845601,0.9055404,4
0.51435614,-0.64963704,2
0.02188345,-0.48699346,4
0.878294,-0.7830358,4
0.45711228,0.7014787,3
0.99018025,0.7555848,3
-0.9266793,0.20620397,4
-0.60699594,-0.52449197,1
-0.36342442,0.64998496,2
0.61482495,0.18098491,1
-0.86200213,-0.65505815,1
0.8939,-0.5911793,4
0.692536,0.7158841,3
-0.7244604,0.20787488,2
0.6665174,-0.3969451,2
0.41641924,0.97858447,3
-0.18429136,0.76024884,4
-0.29862738,-0.238899,4
0.65868014,0.6240748,1
-0.12061893,0.87034196,4
-0.82345307,-0.9347226,4
0.814644,-0.091592535,4
0.03411055,0.86111146,3
-0.57591504,-0.68364894,1
-0.23274922,-0.5898768,1
-0.9229973,-0.771076,4
0.2790668,0.45239657,1
-0.84786135,-0.46791,1
0.12845016,0.8082094,3
-0.08771588,-0.14796527,4
0.66893744,0.29868716,1
-0.95948106,-0.5219806,4
0.38604107,0.79976743,1
0.102833346,-0.21453525,4
-0.33524945,0.88568175,4
0.7205714,-0.98045886,4
-0.33377248,-0.33596045,1
-0.44208303,-0.14350387,1
-0.431648,-0.54094654,1
0.4033596,0.106916115,3
-0.2130976,-0.9262098,4
-0.95770466,0.48280737,4
0.19473672,-0.08834116,4
-0.4830244,-0.6667631,1
-0.8589231,0.56047267,2
-0.6700166,0.56950414,2
-0.81865597,0.181933,4
0.59212846,-0.84762555,2
-0.10685183,0.6916016,4
0.8126793,0.096490204,4
-0.39704102,-0.9105643,4
0.59052914,0.15015042,1
-0.9986294,-0.9174149,4
0.84429383,-0.5845949,2
-0.20281416,0.34796628,2
0.21629447,0.060810637,3
-0.84002316,0.27347255,4
-0.95753175,-0.08206903,4
-0.27070796,-0.0013830052,4
-0.2162047,-0.29279277,1
-0.4780298,-0.90322226,4
0.39491776,0.56735325,1
0.83654547,0.6945897,1
-0.06392281,-0.28307772,4
0.018691175,-0.5542595,4
0.3328947,0.8028334,1
0.0909991,0.14655177,4
0.91618514,0.7278957,3
-0.7651648,0.32309288,2
0.9360168,0.5309342,3
0.0060027046,-0.39823812,4
-0.8105728,-0.1540537,4
0.12768102,0.70859766,3
-0.87784183,0.3115128,4
0.4855512,-0.5178516,2
0.9978149,-0.64709365,4
0.3968634,0.12933335,1
0.0530568,-0.574823,4
-0.22309372,-0.7540233,1
0.8986206,0.08791366,3
-0.9838947,0.8498994,4
0.050741408,0.27707806,3
0.3357564,-0.83530545,2
-0.502803,-0.46426266,1
-0.6691002,0.3204205,2
-0.92816234,0.5468904,4
-0.8504909,-0.97900087,4
0.42990497,-0.5451607,2
0.20621254,0.9284317,3
-0.7737367,-0.36259237,4
0.98813564,0.7361191,3
0.1862008,-0.13579766,4
-0.024147656,0.19642906,4
0.95377797,-0.69573736,4
-0.8366806,0.62376314,2
-0.42036477,-0.6182165,1
-0.599764,0.35007304,2
0.28630456,-0.13314334,4
-0.32451645,0.3451344,2
0.5857222,0.2687801,1
-0.5181485,-0.34726354,1
-0.8741078,-0.8943389,4
-0.8853944,-0.29613245,4
0.8603356,0.08272318,3
-0.18219802,-0.93970996,4
-0.34235433,0.8436337,2
0.35455123,-0.8283044,2
0.53549796,0.5787419,1
-0.81360894,0.5957237,2
-0.10610259,0.2895695,4
0.94199103,-0.5248918,4
-0.13987386,0.4221702,2
0.2697878,0.37640303,1
-0.089647874,-0.5112168,4
-0.87021166,-0.29978478,4
-0.08849636,-0.61300504,4
0.8073882,-0.5525347,2
-0.4131125,0.68160063,2
-0.25892183,0.18748392,2
-0.05104883,0.013474019,4
0.05456796,-0.5169398,4
0.6051468,0.012712289,3
0.4740826,-0.010030436,4
0.014371598,0.18457898,3
0.18909973,0.012846546,3
0.08201277,0.8645216,3
0.8690376,0.85811347,3
0.105046585,0.754747,3
-0.7374148,-0.8856433,4
0.53250575,-0.894801,2
0.9574337,0.59113556,3
-0.3477326,0.22575384,2
-0.56316745,0.48254454,2
0.85760105,-0.25277093,4
0.60010123,0.1595011,1
-0.86491585,-0.4866517,1
-0.42481548,0.44603717,2
-0.2580852,-0.09518076,4
-0.3055007,-0.74510527,1
-0.55833864,0.08461543,4
0.7763853,0.84531105,3
0.22315949,0.5186127,1
-0.2071045,-0.13641162,4
0.061430253,0.16986614,3
-0.8563531,-0.2787813,4
0.25972512,-0.91626936,4
-0.7780493,-0.9139581,4
0.3494333,0.36417708,1
-0.025840877,-0.5170052,4
0.8746931,-0.42775682,2
0.53055364,0.74002945,1
0.9499559,-0.26746675,4
-0.3656387,-0.36692837,1
0.89404476,-0.11625039,4
-0.9834247,0.28653657,4
0.9997479,0.5188547,3
-0.34612525,0.22174051,2
-0.57622135,-0.5121764,1
0.19454323,-0.6928724,2
0.9518364,-0.2669845,4
0.026071543,0.9878957,3
0.025103945,0.4396608,3
0.36506385,0.13843408,1
0.7691378,-0.7487074,2
-0.6541663,-0.387198,1
0.048830826,-0.3446596,4
-0.066852726,0.33387047,4
0.8327777,0.61450946,1
0.24513584,0.6720301,1
0.77953136,-0.7743056,2
-0.20358004,0.37463406,2
0.19323236,0.44446754,1
-0.39533934,0.7164072,2
0.916998,0.6278523,4
0.98553616,0.49150124,3
-0.23689313,-0.67691267,1
0.22473675,0.44603258,3
-0.5130208,-0.03888893,4
0.78792876,-0.41411614,2
0.7085695,-0.90999144,4
0.03146504,0.1621122,3
0.5251258,0.78885484,1
0.8223677,-0.9469365,4
0.64216447,0.81322634,1
0.4739786,-0.41043192,2
0.81753415,0.8108299,3
-0.044377293,0.81247437,4
0.25292784,0.17367047,3
-0.463641,-0.24091722,1
-0.39177483,0.42015645,2
-0.43614647,0.039357573,4
0.730436,0.6784602,1
0.74281025,0.92044175,3
-0.5016478,-0.7829621,1
0.44018248,0.96906555,3
-0.2523829,-0.021102289,4
-0.32273078,0.42973897,2
0.76388305,0.75620615,1
-0.36377206,0.70974463,2
0.8628606,0.61809,3
-0.13128948,0.21121551,4
-0.9920453,0.19771945,4
-0.3007909,-0.7489202,1
-0.014836361,-0.23058319,4
0.41098022,0.7402026,3
0.44105315,0.11080807,1
0.12755835,-0.20376192,4
-0.98324686,0.95089257,4
0.39107364,-0.47315496,2
0.14662273,0.4480405,1
-0.5831936,0.17109941,4
0.9458297,0.3117947,3
0.0923467,0.80098313,3
0.44166347,-0.337839,2
-0.19616616,-0.62068236,1
0.50777894,0.8867631,1
0.019232845,-0.4932254,4
0.8813275,-0.91947186,4
-0.2585899,-0.62629265,1
0.06640202,0.1989,3
0.05761207,0.8113411,3
0.5834791,-0.017838616,4
-0.75373065,0.8039051,2
-0.4125828,-0.23277022,1
0.54005855,0.11492765,1
-0.6363648,0.3399812,2
0.5628015,0.8772072,1
0.4846899,-0.56479436,3
0.6277714,0.020765083,3
0.67265785,-0.10409388,4
-0.9292368,-0.46606153,4
-0.28464866,0.9857782,4
-0.74893016,-0.11896976,4
0.51902187,0.1290493,1
-0.96075654,0.89066076,4
0.78316736,0.2448694,1
-0.13208486,0.38100088,2
0.43443462,-0.24266724,2
-0.30955428,0.34398213,2
0.28022397,0.79892284,1
0.5049955,0.15670508,1
-0.8939622,0.6804191,4
-0.9143241,-0.1453194,4
0.25519928,-0.43646958,2
0.9384926,-0.3379303,4
0.55037445,-0.27306467,2
0.58225596,0.74631107,1
0.04219275,0.73896277,3
-0.5482765,-0.5902267,1
0.6437575,0.21154395,1
-0.966092,0.8544148,4
0.2172878,0.17475902,3
0.3744312,-0.6942866,2
0.45062926,0.13749287,1
-0.48151568,-0.94809395,4
0.07072634,0.83936006,3
0.56357497,-0.9197979,4
0.10595364,0.89785534,3
0.17574556,-0.9468381,4
0.39077628,-0.047902714,4
0.12804973,0.78970367,3
-0.990362,-0.4662522,4
0.72421825,-0.03620317,4
-0.5489232,-0.61632305,1
0.029841252,-0.9788645,4
0.7804319,-0.99960715,4
-0.6000101,-0.7049473,1
-0.12355042,-0.8323719,4
0.7117036,0.776453,1
0.79370606,0.47197208,1
-0.5783707,-0.8988073,4
-0.4671338,-0.61098903,1
-0.39347875,-0.95155525,4
0.19196479,-0.5162088,3
-0.3657532,-0.47476262,1
0.74546653,0.32800996,1
-0.7239015,-0.18063472,1
-0.99109787,-0.3346408,4
0.7220379,0.35283548,1
0.99422485,0.5348639,3
0.0071958643,-0.37776202,4
0.48726085,-0.03943943,4
0.30248192,0.17601505,1
0.77006364,-0.50108516,2
0.9602106,-0.0996375,4
0.7977102,-0.43882236,2
-0.67330563,0.45801434,2
0.49491933,-0.25161684,2
0.42097855,-0.8162358,2
-0.8195914,-0.70240116,1
0.50926155,0.16734283,1
0.31746605,0.57880735,1
0.34875086,0.5720266,1
-0.9671264,0.93562585,4
0.997213,-0.28632084,4
0.19190666,0.15691262,3
-0.7565222,0.17115125,4
0.65723056,0.72087246,3
0.16161479,0.6701625,1
0.9304448,0.48300195,3
0.3731107,-0.022207975,4
-0.7431307,0.5923238,2
-0.7434028,0.20608975,2
-0.109247014,0.61879086,4
-0.39328998,0.23741363,2
-0.66301334,-0.24579579,1
0.7394555,0.28098208,1
-0.3820436,-0.30106413,1
0.49172652,-0.47637144,2
0.9154494,0.7503806,3
-0.7182072,-0.53456104,1
0.10635418,0.5433333,1
-0.20609961,-0.30583152,1
-0.11013681,-0.17189582,4
-0.07449854,-0.24385023,4
-0.6206965,-0.8264045,1
0.48580095,-0.5253499,2
0.5336871,-0.7920258,2
-0.55129296,-0.058113083,4
0.8063954,-0.789063,4
-0.87489146,0.7044974,4
0.408686,0.8945829,3
0.80562794,0.9542576,3
0.98525304,0.99403375,3
0.70631754,-0.7499119,2
0.98296624,-0.13261832,4
-0.5093688,-0.7985564,1
-0.88901234,-0.6957551,4
0.39961722,0.24839075,1
0.9332943,0.88388324,3
0.85059345,-0.8648872,4
-0.46044987,0.8219155,4
0.10828744,0.690067,3
-0.512651,-0.29260305,1
0.7310039,0.24013813,1
-0.27808163,0.86130685,4
0.48102087,-0.61578715,2
0.22601327,0.3390682,1
0.39007485,0.2637138,1
-0.15573475,0.5430287,2
-0.09183516,-0.93238187,4
-0.4822373,0.78907394,2
0.3514525,-0.18508908,2
0.35495403,0.36167565,1
-0.88904786,-0.17037497,4
0.19666302,-0.9355964,4
0.7899499,-0.5323315,2
-0.9075886,0.09269943,4
-0.7996315,-0.8806288,4
0.2224402,0.3807321,1
0.15605097,-0.8103323,4
0.9486318,0.15637478,3
0.5373835,-0.6145958,2
-0.12445918,0.12347136,4
-0.95623595,-0.70350724,4
-0.08873041,-0.08195298,4
-0.63115203,-0.13164039,1
-0.45794648,0.7881626,2
0.79273003,0.19493167,3
-0.07702181,-0.047324203,4
-0.95655835,0.22559467,4
-0.6671852,-0.9770476,4
-0.010680659,0.93122625,4
-0.72014016,0.03801818,4
0.6296303,0.5123776,1
-0.34202325,0.9759716,4
0.89277935,-4.6800217E-4,4
-0.73840857,0.5646231,2
-0.037328236,0.5774298,4
0.4427659,0.41801518,1
-0.1386769,-0.0071973642,4
-0.65600497,0.16213626,2
0.5402867,0.15132669,1
-0.07788322,0.5659993,4
-0.91062313,0.492766,4
0.69052637,0.6402428,1
0.26669005,0.8144624,1
-0.10868363,-0.8247507,4
-0.6089666,-0.9023871,4
0.65235543,-0.17109549,2
0.81225485,0.6269888,1
0.91674864,-0.70124847,4
-0.62391496,0.6754722,2
-0.27258185,-0.423626,4
-0.6888392,-0.5136594,4
0.32528168,-0.87092066,4
-0.8361605,-0.1913018,4
0.837021,0.024799583,3
-0.7380445,0.24866378,2
-0.20720665,-0.45621884,1
0.7662494,0.9584523,3
0.8742825,0.33205932,3
0.82603675,-0.69133425,2
0.041783515,-0.63240147,4
0.44571373,-0.86899024,2
0.26189965,0.2447938,1
0.23664062,0.6781086,1
-0.4650244,-0.055042278,4
0.71423876,0.7666792,1
-0.27256924,0.35143307,2
-0.26400074,-0.36362764,4
0.11626151,0.38375857,3
-0.8105264,0.19917431,4
0.6624878,-0.54465705,2
-0.6490898,-0.2527844,1
-0.69770116,0.7865618,2
0.25946316,-0.6522714,2
0.27793634,-0.6929568,2
-0.10296362,0.44406477,4
0.3675211,0.9278531,4
-0.5682094,-0.6937985,1
-0.6995976,-0.079222366,4
0.8698358,-0.51813203,2
-0.50772464,0.16614248,2
-0.64589196,0.18287168,2
0.17609058,0.8745462,3
-0.6649041,-0.6632501,1
0.058255006,0.89723325,3
0.7918837,-0.07842856,4
-0.34388027,-0.6459649,1
0.57462764,-0.8945908,4
-0.32265168,0.56007487,2
-0.66447866,-0.100733474,4
-0.7667149,0.24971062,2
0.072751254,-0.38559714,4
-0.2705242,0.09919149,4
-0.7171652,0.8471391,4
0.18336102,-0.6473303,2
-0.5532163,-0.704836,1
0.06194435,-0.13224488,4
0.0041917884,-0.9183143,4
0.93475884,-0.3813314,4
0.12981774,-0.08619664,4
-0.93270284,-0.7770475,4
-0.85353595,0.15929426,4
-0.85143983,0.58107924,2
0.0066573136,0.46544906,3
-0.391407,-0.4796292,1
-0.7317445,0.88221747,4
-0.76335347,0.29235113,2
-0.21614383,0.45107952,2
0.20050119,-0.14329265,4
-0.07729828,-0.9141865,4
0.07885213,-0.34011585,4
-0.35761884,0.35051036,2
0.48155117,0.7401842,1
-0.18453225,-0.17362219,4
-0.5792335,0.71604615,2
0.67650187,-0.6116021,2
0.32732958,0.8856298,3
-0.53560495,0.4658421,2
0.84201986,-0.7766019,4
-0.23491427,0.6608244,2
0.9563701,0.53626513,3
-0.22642079,-0.28592834,1
0.28058526,0.065015584,3
0.8515562,-0.6517643,2
0.069935426,-0.89318895,4
0.10848732,0.9414432,3
-0.118164256,-0.8938735,4
0.12634869,-0.91379845,4
-0.55615795,-0.47738758,1
0.82005185,0.013839798,3
-0.5882035,-0.36289027,1
-0.68922126,0.59867483,2
0.45493436,0.3970512,1
-0.28549406,0.5291523,2
-0.36776277,-0.88076913,4
0.13381341,-0.5808713,2
0.7767646,0.14459975,3
-0.29794604,0.6488296,2
-0.11904865,0.7533163,4
0.17331642,-0.0668479,4
-0.08150875,0.26944432,4
-0.21870202,-0.28002653,1
-0.36622804,0.377897,2
-0.49908602,-0.9282115,4
0.4079594,0.39968446,1
-0.3723294,-0.42707333,1
-0.95442134,0.37718138,4
-0.9752914,0.7681065,4
-0.7656193,-0.84530437,4
-0.64704967,0.75625604,2
0.3757514,0.64054304,3
-0.93335587,-0.23980747,4
0.66798383,0.63831687,1
0.4892674,0.035485707,3
0.79923123,0.16403998,4
0.5414045,0.48195904,1
0.76345885,0.24310678,1
-0.07516847,0.23388842,4
-0.6124499,-0.37919313,4
-0.8786926,-0.3711328,4
-0.2690277,-0.46901342,1
-0.6200545,0.9330966,4
-0.985103,-0.8490063,4
0.9767304,-0.48113748,4
0.9229835,0.22316836,3
-0.93930626,0.6782467,4
-0.3975124,0.7332485,2
-0.92581326,-0.41047218,4
0.43704462,-0.21265502,2
-0.6359756,0.14682503,2
0.46021146,0.79857296,3
-0.40575442,-0.71933997,1
-0.72577924,-0.24730437,1
0.93177134,-0.7576643,4
0.5177308,0.2337063,1
0.79906994,-0.8528199,4
0.6197199,0.71333927,1
0.9624907,-0.7366364,4
-0.042090386,-0.40497875,4
-0.3655775,0.33048886,2
0.12677489,0.9984464,3
0.4888142,0.17556024,1
-0.8263451,-0.784756,4
0.4935696,-0.5129144,2
-0.9132275,-0.8077022,4
-0.6856496,0.57853186,2
-0.93504536,0.93413895,4
-0.09940997,0.9314669,4
-0.94192034,0.08015726,4
0.47799307,0.21156311,3
0.4760995,0.4206256,1
0.3881741,0.09602923,3
-0.09703257,-0.82409775,4
0.47482204,-0.21843748,3
0.04378079,0.47762448,4
0.5500769,0.44390008,1
-0.75351185,0.75493664,2
-0.9883854,0.5235688,4
0.8849572,0.33225673,3
0.1409675,-0.30867434,4
0.12311406,0.27098548,4
0.81130755,0.21861115,3
-0.6009119,-0.28715047,4
-0.823507,0.60444766,2
-0.98360145,0.17795166,4
-0.095416605,-0.6043314,4
-0.007466199,-0.49947137,4
0.25395662,0.7310027,1
0.6238739,0.50809187,1
-0.04192031,-0.86607295,4
-0.2463739,0.9170066,4
-0.23091471,0.21068297,2
0.49385396,0.07534645,3
0.48754844,0.25848645,3
-0.9848845,0.57150364,4
0.34694088,-0.72140115,2
0.18276122,0.87773806,3
0.2906225,0.78712267,1
-0.66359514,-0.7614335,1
-0.36489272,-0.7655128,1
-0.22894692,-0.8346706,4
0.10767193,0.23766184,3
-0.27881765,-0.025121454,4
-0.37513542,0.49601287,2
-0.54722667,-0.2796889,1
0.38056254,-0.15502058,2
0.85676956,0.10698222,3
-0.12886225,0.8877137,4
-0.52179056,-0.83663315,1
-0.9720426,0.8635873,4
-0.18029602,-0.2668362,1
-0.62541234,0.53784204,2
-0.01891166,-0.44445795,4
0.39212826,0.94622695,3
0.03777743,0.68157774,3
-0.53071195,0.6635601,2
-0.83880293,-0.79257923,4
-0.06392505,-0.90916103,4
-0.6680434,0.3530164,2
-0.17298701,0.120647736,4
-0.07973221,-0.5625078,4
-0.11892439,0.8377334,4
0.58231354,0.5505591,1
-0.35576603,-0.12291347,4
-0.6365805,0.03916799,4
0.7736215,-0.72426367,2
0.9702975,0.25966302,3
0.22050773,-0.45941484,2
0.5804017,0.42098913,1
0.95701677,-0.019455425,4
0.8453836,-0.6089154,2
-0.53298944,-0.27168393,1
-0.18966006,-0.22286206,4
0.096752144,-0.73953027,4
0.04733511,-0.26464802,4
-0.59844416,-0.58716553,1
0.47063336,0.22545129,1
0.27008948,-0.97579086,4
-0.013979067,-0.19866762,4
0.39150712,0.41135612,1
0.59511054,-0.38229263,2
0.6791222,0.21223263,1
-0.061067738,-0.17722917,4
0.7985798,-0.0937285,4
-0.021498427,-0.31796303,4
-0.21709475,0.04782736,4
-0.12775484,0.015502359,4
-0.24040012,0.29297796,2
-0.2362631,0.29988885,2
-0.4319245,0.3657965,2
-0.3755201,-0.84563273,1
0.10486882,-0.25318477,4
0.33553806,0.050056364,3
0.7887126,0.966261,4
-0.48748985,-0.2873094,1
-0.12914014,0.6840912,4
-0.8017828,0.66985047,2
-0.69498247,-0.6820348,1
0.32787865,0.16851065,1
0.5065506,0.76288944,1
-0.98244333,0.7885836,4
0.13671458,-5.7759025E-5,4
-0.7129211,0.63057286,2
-0.29722646,0.22755216,2
-0.8039084,0.18110467,4
-0.47908908,0.022346983,4
0.7826661,0.67343223,1
0.7915452,0.24643607,1
0.22807297,-0.13079326,4
0.12547602,-0.3932822,2
0.75276244,0.19483532,1
0.86741334,-0.57425845,2
0.6448409,-0.3336963,2
0.6178299,0.13288127,1
-0.8552731,-0.78011876,4
0.175437,-0.09708213,4
-0.3867089,-0.784147,1
0.02536013,-0.22583224,4
0.29446045,0.87529004,3
-0.10950363,0.33135155,4
0.1895711,-0.7834214,4
-0.25248763,0.84455806,4
0.07602339,-0.7565665,4
0.18020387,0.66374785,1
0.8570953,0.357626,1
-0.30906972,-0.92916507,4
-0.60305846,0.47961226,2
-0.60123193,0.9248171,4
0.29242143,0.5043601,1
-0.2021537,-0.12023313,4
0.02278462,-0.562608,4
0.40173995,-0.865417,2
0.30448407,-0.11940571,4
0.22425523,0.35480288,1
0.81029993,-0.90436244,4
-0.6983517,0.20183103,2
0.5821338,-0.61438197,2
0.5982282,-0.23128675,2
0.21159022,0.3172149,1
-0.4978901,-0.047080304,4
0.2618841,0.76446664,1
-0.84994465,0.5380602,2
0.38252625,0.89315563,3
-0.44692189,0.4943795,2
-0.60777926,-0.8825425,1
0.054731276,-0.92765975,4
-0.6132122,-0.5625901,1
-0.73752815,0.8284285,4
0.122781694,0.19009289,3
0.06362706,0.3050884,3
0.83263075,-0.50386083,3
0.5795039,0.048735328,4
0.8861694,-0.97299117,4
-0.5739796,0.696192,2
0.8126806,0.2218313,3
0.0326075,-0.4605346,4
0.9671087,0.90372765,3
-0.7875172,0.18411091,4
0.23775505,0.13634442,3
-0.040063143,-0.61615324,4
-0.33188063,-0.03245094,4
-0.54904795,-0.056342423,4
0.5639233,-0.13168108,2
0.4129954,0.65919775,1
-0.21717836,-0.276006,1
-0.027354967,-0.1305592,4
0.5077109,0.29922143,1
0.44402513,-0.5464404,2
-0.72254854,0.39779225,2
0.5387959,-0.54296815,2
0.6275632,0.2886142,3
0.5053661,0.28478163,1
-0.041890543,-0.72251534,4
0.68053025,0.1933643,1
-0.3796166,-0.92692846,4
0.89407605,0.1361094,3
-0.5342747,-0.5797136,4
0.7330164,0.6948314,1
0.8401645,0.5444928,1
0.56767595,-0.45697138,2
-0.80732995,-0.45106098,1
-0.21863818,-0.35400143,1
-0.10856403,-0.08761092,4
0.23696634,0.074322164,3
-0.3455972,-0.38514584,1
-0.34044906,0.09380273,4
0.18345301,-0.25894967,2
-0.5905621,0.1459993,2
0.47649068,0.3319321,1
0.75504863,-0.15843998,4
-0.94824606,0.026325474,4
-0.988123,-0.61003995,4
0.4717954,-0.9969849,4
-0.82947695,0.56406087,2
0.46191916,-0.16192104,2
-0.63665456,-0.2300391,1
0.2845711,0.1660143,1
-0.21953325,0.8294814,4
-0.5939342,0.10321273,4
-0.4002084,-0.70434964,1
-0.23232724,-0.020673124,4
-0.10567271,-0.53420573,1
-0.11418417,0.34047243,4
-0.8308712,-0.46885306,1
0.63602686,-0.15376155,2
-0.40091792,-0.35118464,1
0.84617823,0.5820841,1
0.7206941,-0.872165,4
0.003969329,-0.45441705,4
-0.5969758,0.7159757,2
0.58299005,-0.67140365,2
0.60557944,0.3317559,1
0.1660091,-0.9089877,4
-0.4611484,0.024361156,4
-0.007737268,-0.8178707,4
0.2844048,-0.17582211,2
0.42002782,-0.3161961,2
0.20798157,-0.82648504,4
0.5629845,-0.2104372,2
-0.79331857,-0.6503731,1
-0.14111936,-0.5457864,1
0.15933974,-0.39704713,2
0.23563203,0.90102154,3
-0.81900877,-0.63113177,1
-0.12918425,-0.79603946,4
0.2947011,-0.048708495,4
-0.8431523,0.7103447,4
-0.102213494,0.4450291,4
-0.4089172,-0.9324946,4
-0.52101094,-0.37165397,4
-0.04355724,0.19305469,4
-0.903308,0.22925591,4
0.73655367,0.9023661,3
-0.5922335,-0.19649546,1
-0.54391134,0.8936692,2
0.8877707,0.7580038,3
0.13213366,-0.70121104,4
0.24548064,0.4531405,1
0.68976253,-0.46197313,2
-0.058709417,-0.69274145,4
0.80219144,0.3666743,1
0.79685163,0.23677802,1
-0.2257841,-0.042373262,4
-0.34688997,0.26969466,2
-0.24780747,-0.08726797,4
0.2101238,0.78617686,3
-0.48656097,-0.88819087,4
0.9728767,-0.5710245,4
0.50517094,-0.7365782,2
0.6347253,0.4934581,3
0.65429586,-0.5200668,2
-0.65018785,-0.39889428,1
-0.9153701,-0.18069032,4
-0.13278915,-0.9261558,4
0.431208,0.76953584,1
0.20593357,-0.10405165,4
-0.55008745,0.44405207,2
-0.18180923,-0.94445986,4
0.44596976,-0.2522169,2
0.48914254,-0.17727707,3
0.3920397,0.9962954,3
0.61927575,-0.08626397,4
0.024478124,0.052354928,3
-0.8113131,0.1215034,4
0.5874623,0.705358,1
-0.63710225,0.8176635,2
0.9753661,0.07423109,3
-0.786918,0.5484378,2
-0.11586875,-0.32836014,4
0.8291931,0.89909303,3
-0.8537697,0.42867494,2
0.7356549,0.87561554,3
0.95873845,-0.45971864,4
-0.8970368,-0.42238903,4
-0.668654,-0.8579608,1
0.0054526646,-0.91278976,4
0.23593879,-0.64832515,2
-0.27994397,-0.2075312,1
0.9304684,0.48084682,3
-0.29866457,0.16172968,2
0.39981303,0.71500534,1
-0.09366013,-0.0072494,4
0.29151872,0.33592737,1
-0.82534903,-0.07409191,4
0.95478594,0.78107995,3
-0.41623095,0.427057,2
-0.10934042,-0.7517822,4
-0.6190314,-0.7510223,4
0.107668266,0.008279827,3
0.116868846,-0.3491424,4
0.41146597,-0.47583494,2
-0.056075614,0.31676114,4
0.74444205,0.42054948,1
-0.74070466,0.23411722,2
-0.61939883,-0.56250525,1
0.62431216,0.88322854,3
-0.53513676,0.94891435,4
-0.56604517,0.40375337,2
-0.699389,-0.74955934,1
0.48512942,0.24286641,1
0.5149092,-0.47190323,2
0.34149382,0.7949369,1
-0.8088482,0.71135455,2
-0.75163317,0.20040873,2
0.021549644,0.8873784,3
-0.05919966,0.61219954,4
0.10817115,-0.20305254,4
0.73190886,-0.46481663,2
0.186276,0.42993435,1
0.08148505,-0.68423337,4
-0.44373566,-0.23376077,1
-0.16501066,-0.63446903,1
0.033273466,0.23744512,3
0.4921374,0.45048442,3
-0.2573695,0.079622105,4
0.30822542,-0.58554476,2
0.9350766,-0.933134,4
-0.5605169,-0.5758329,1
0.3417582,0.41027293,1
0.49933103,-0.5391319,2
-0.54699975,0.22381687,2
-0.8276064,0.9191392,4
-0.15182899,-0.16352539,4
0.40818894,0.23149511,1
-0.96840835,-0.5978705,4
-0.7489697,0.18520428,4
0.6902683,-0.6477612,2
-0.28496134,-0.3532896,1
-0.22419809,0.97166926,4
-0.9647696,-0.2857781,4
0.061498765,-0.9300538,4
0.9631157,-0.32072663,4
-0.08347025,-0.22337304,4
-0.03242688,0.7359308,4
0.89580804,-0.087447494,4
0.78215575,0.11814265,3
-0.36535847,0.2740521,2
0.83539057,-0.39839447,2
-0.4274965,-0.7957668,1
0.9317559,0.25024477,3
-0.33447412,-0.20251943,1
0.9323163,0.43659103,3
0.78138465,0.36717078,1
0.023661533,-0.118719585,4
-0.4543052,-0.12691592,1
0.9637935,-0.55529076,4
-0.48781163,0.9185144,4
0.049628448,-0.7876481,4
-0.5101054,0.8458504,2
-0.34770742,0.9369874,4
-0.6468969,0.13537148,2
-0.7034151,0.8724005,4
-0.29835492,0.5908786,2
-0.7031857,0.5341093,2
-0.808692,0.11701837,4
0.87339884,0.8771433,3
-0.57792366,-0.2100468,1
0.027586376,-0.943555,4
-0.9958027,-0.47765613,4
-0.09636852,0.44340548,4
-0.788611,0.14613937,4
0.17068535,-0.6325331,2
-0.28684807,-0.0031292553,4
0.45623907,-0.56655705,2
-0.16578767,-0.010781677,4
0.9986474,-0.124187164,4
0.042425215,-0.77247465,4
-0.50873965,0.73705804,2
-0.31540832,-0.007638515,4
0.19195716,0.5282118,1
0.9839109,-0.32534453,4
-0.50989354,-0.87999076,1
-0.061711725,0.17551894,4
-0.42736676,-0.060061835,4
-0.18573403,0.3296233,2
0.02014901,-0.024576284,4
0.55952704,0.013577029,3
-0.9050432,-0.1885829,4
0.6440639,0.3326307,1
-0.74912167,-0.9893794,4
